clip,source_id,language_requested,language_code,language_probability,n_speakers,speech_start_s,speech_end_s,transcript,verify_pass,verify_reasons
en_nptel_lecture_demo_0001.wav,en_nptel_lecture_demo,en-IN,en-IN,,1,0.0,14.5,"So, uh, you may recall that, um, when we discussed, uh, moist air or rather, uh, defined the specific enthalpy of moist air, we actually defined, um, uh, defined.",True,
en_nptel_lecture_demo_0003.wav,en_nptel_lecture_demo,en-IN,en-IN,,1,0.0,7.3,"Enthalpy of moist air, it would be in units of say kilojoule per kg air.",True,
en_nptel_lecture_demo_0004.wav,en_nptel_lecture_demo,en-IN,en-IN,,1,0.0,13.7,"Okay? 
And we can then approximate  HA using the calorifically perfect assumption. 
And HV may be approximated as HG of T. 
However,  if you look at psychrometric applications, then",True,
en_nptel_lecture_demo_0006.wav,en_nptel_lecture_demo,en-IN,en-IN,,1,0.0,13.7,CP times T2 plus omega times T2 and CP times T1 plus omega times T1. So you notice combinations like this. So let me just show this with a different color.,True,
en_nptel_lecture_demo_0008.wav,en_nptel_lecture_demo,en-IN,en-IN,,1,0.0,5.9,Omega times H2 and you notice this combination CP times T1.,True,
en_nptel_lecture_demo_0009.wav,en_nptel_lecture_demo,en-IN,en-IN,,1,0.0,14.5,"So you notice this combination. So,  what you are seeing is actually the specific enthalpy  defined on a per dry air basis or per kg of dry air basis. Here also you see the same thing.",True,
en_nptel_lecture_demo_0010.wav,en_nptel_lecture_demo,en-IN,en-IN,,1,0.0,4.1,"This term, uh, these two terms go together and then",True,
en_nptel_lecture_demo_0011.wav,en_nptel_lecture_demo,en-IN,en-IN,,1,0.0,4.5,You can see that these terms go together.,True,
en_nptel_lecture_demo_0013.wav,en_nptel_lecture_demo,en-IN,en-IN,,1,0.0,4.2,Okay? This of course becomes Cp times T. This is hg of T.,True,
en_nptel_lecture_demo_0014.wav,en_nptel_lecture_demo,en-IN,en-IN,,1,0.0,8.5,Okay? And this is nothing but the specific enthalpy of moist air in units of say kilojoule per kg air.,True,
en_nptel_lecture_demo_0015.wav,en_nptel_lecture_demo,en-IN,en-IN,,1,0.0,16.1,"in the usual manner. But in the applications or examples that we have seen so far, we notice that it does not  when you when you look at the  the energy equation that we have applied to different examples.",True,
en_nptel_lecture_demo_0016.wav,en_nptel_lecture_demo,en-IN,en-IN,,1,0.0,16.1,"We notice that the terms do not appear in this combination but appear in a combination where the specific enthalpy is defined on a per unit mass of dry air. So basically instead of dividing by M, we divide by mass of dry air.",True,
en_nptel_lecture_demo_0017.wav,en_nptel_lecture_demo,en-IN,en-IN,,1,0.0,8.2,"So if you do that, then we end up with this combination HA plus omega times HV, which is in units of kilojoule per kg dry air.",True,
en_nptel_lecture_demo_0018.wav,en_nptel_lecture_demo,en-IN,en-IN,,1,0.0,15.7,"Okay? There is nothing wrong with this. Okay? So this is perfectly all right, okay? But this is specific enthalpy on a per unit mass of moist air. But in applications, when we apply energy balance to practical problems and",True,
en_nptel_lecture_demo_0020.wav,en_nptel_lecture_demo,en-IN,en-IN,,1,0.0,7.4,"Okay? This is far more useful in psychrometric applications than this, okay? But there is nothing wrong with this also.",True,
en_nptel_lecture_demo_0021.wav,en_nptel_lecture_demo,en-IN,en-IN,,1,0.0,13.4,"And H star is what we will use in our examples from now onwards, okay? But we will clearly indicate. So this is actually H of moist air on specific.",True,
en_nptel_lecture_demo_0022.wav,en_nptel_lecture_demo,en-IN,en-IN,,1,0.0,13.4,specific enthalpy of moist air on a per kg on a per kg moist air basis or per kg air. This is H star which is specific enthalpy of moist air on a per kg dry air basis.,True,
en_nptel_lecture_demo_0023.wav,en_nptel_lecture_demo,en-IN,en-IN,,1,0.0,6.4,"Now, the new terms that we have introduced in psychrometry.",True,
en_nptel_lecture_demo_0024.wav,en_nptel_lecture_demo,en-IN,en-IN,,1,0.0,7.9,"Uh, or like this. So this is a list of new terms that we have introduced. First one is the, uh, the partial pressure of water vapor.",True,
en_nptel_lecture_demo_0026.wav,en_nptel_lecture_demo,en-IN,en-IN,,1,0.0,17.8,"PV psychrometric operations, unit operations remains constant. Generally, we assume the mixture pressure to be constant. Furthermore, in all the examples that we are working out, we have assumed the mixture pressure to be 1 atmosphere. But mixture pressure is usually a constant, which means that PV depends only on omega.",True,
en_nptel_lecture_demo_0028.wav,en_nptel_lecture_demo,en-IN,en-IN,,1,0.0,6.6,"So PV here depends on omega, P sat depends on T obviously. So fee depends on both.",True,
en_nptel_lecture_demo_0029.wav,en_nptel_lecture_demo,en-IN,en-IN,,1,0.0,4.8,"Temperature T and omega. By temperature, what we mean here is the dry bulb temperature.",True,
en_nptel_lecture_demo_0030.wav,en_nptel_lecture_demo,en-IN,en-IN,,1,0.0,8.8,May be written as HA plus omega HV and HA itself may be written as CP times T plus omega HG of T.,True,
en_nptel_lecture_demo_0033.wav,en_nptel_lecture_demo,en-IN,en-IN,,1,0.0,11.7,"So we may write for the water vapor, uh, partial pressure of water vapor times volume of mixture equal to MV or V times T. So V itself may be written in terms of the, uh,",True,
en_nptel_lecture_demo_0034.wav,en_nptel_lecture_demo,en-IN,en-IN,,1,0.0,10.4,"Omega times RV times T over PV, and if I replace PV in favor of omega using this relationship, I get finally something like this.",True,
en_nptel_lecture_demo_0035.wav,en_nptel_lecture_demo,en-IN,en-IN,,1,0.0,6.2,"This one here. So if you look at this one again, I can gather CP times T2.",True,
en_nptel_lecture_demo_0037.wav,en_nptel_lecture_demo,en-IN,en-IN,,1,0.0,7.9,"And the dew point is nothing but T sat of PV, and PV depends on omega, so this depends on omega only.",True,
en_nptel_lecture_demo_0038.wav,en_nptel_lecture_demo,en-IN,en-IN,,1,0.0,12.1,"But the, uh, the important point that emerges from, uh, looking at the list of expressions here is that all the quantities depend only on two independent properties, T and omega.",True,
en_nptel_lecture_demo_0039.wav,en_nptel_lecture_demo,en-IN,en-IN,,1,0.0,10.8,"Which is the basis for developing the psychrometric chart. So basically the psychrometric chart has two axes, vertical axis is omega.",True,
en_nptel_lecture_demo_0040.wav,en_nptel_lecture_demo,en-IN,en-IN,,1,0.0,4.8,"And the horizontal axis is T, which is the dry bulb temperature, of course.",True,
en_nptel_lecture_demo_0041.wav,en_nptel_lecture_demo,en-IN,en-IN,,1,0.0,7.5,"Okay, some of them interestingly enough depend only on omega. Let me denote this using a slightly different color.",True,
en_nptel_lecture_demo_0042.wav,en_nptel_lecture_demo,en-IN,en-IN,,1,0.0,6.1,And this also depends only on omega. All the others seem to depend on T and omega.,True,
en_nptel_lecture_demo_0043.wav,en_nptel_lecture_demo,en-IN,en-IN,,1,0.0,5.3,"So basically the psychrometric chart, as you can see, has uh",True,
en_nptel_lecture_demo_0044.wav,en_nptel_lecture_demo,en-IN,en-IN,,1,0.0,15.9,and dry bulb temperature on the x-axis and lines of constant values of each one of these variable is given in the is depicted in the chart. So basically the chart,True,
en_nptel_lecture_demo_0045.wav,en_nptel_lecture_demo,en-IN,en-IN,,1,0.0,9.9,"Plots, lines of constant PV, lines of constant phi, lines of constant H star, lines of constant VA, wet bulb temperature.",True,
en_nptel_lecture_demo_0046.wav,en_nptel_lecture_demo,en-IN,en-IN,,1,0.0,13.3,"Now, if you look at this and this, because these depend only on omega, uh, that means if the axis is vertical, this can be shown very nicely in the axis itself. So let me just erase this.",True,
en_nptel_lecture_demo_0047.wav,en_nptel_lecture_demo,en-IN,en-IN,,1,0.0,6.2,"So what is shown here, let me erase this also, just okay. So what is shown here, this is",True,
en_nptel_lecture_demo_0048.wav,en_nptel_lecture_demo,en-IN,en-IN,,1,0.0,13.3,"PV, but instead of showing it in kilopascal, this is shown in millimeters of mercury, and the reference value 760 millimeters of mercury for barometric pressure is given there. So this can be easily converted into kilo units of kilopascal.",True,
en_nptel_lecture_demo_0049.wav,en_nptel_lecture_demo,en-IN,en-IN,,1,0.0,5.4,"So PV depends only on omega, since omega is the vertical axis, PV axis is also vertical.",True,
en_nptel_lecture_demo_0051.wav,en_nptel_lecture_demo,en-IN,en-IN,,1,0.0,6.4,"So this is the dew point, so this is dew point 0, dew point 10 degrees Celsius, 20 degrees Celsius and so on.",True,
en_nptel_lecture_demo_0052.wav,en_nptel_lecture_demo,en-IN,en-IN,,1,0.0,10.8,Okay? So that is shown parallel to the omega axis. So these two are straightforward and  so we had denoted them using this green color. So let me just show them again. So this is,True,
en_nptel_lecture_demo_0053.wav,en_nptel_lecture_demo,en-IN,en-IN,,1,0.0,6.2,"In green, this is in green. They are dependent only on omega, so we know we can show them in the vertical axis.",True,
en_nptel_lecture_demo_0056.wav,en_nptel_lecture_demo,en-IN,en-IN,,1,0.0,4.1,Quantity whose dependence on temperature we don't really know is this Hg.,True,
en_nptel_lecture_demo_0057.wav,en_nptel_lecture_demo,en-IN,en-IN,,1,0.0,14.05,"If you actually go to the property tables, let's say steam tables, and for the range of temperatures that we are going to likely encounter in psychrometric applications. We already mentioned that. So for the range of temperature,",True,
en_nptel_lecture_demo_0059.wav,en_nptel_lecture_demo,en-IN,en-IN,,1,0.0,17.7,"kg, it varies only by about 100 kilojoule per kg, which is less than a 5% variation. So what happens is across the entire range of temperatures that we are seeing, Hg varies by less than 5%, which means that essentially Hg is a constant, more or less.",True,
en_nptel_lecture_demo_0060.wav,en_nptel_lecture_demo,en-IN,en-IN,,1,0.0,10.2,"Which means that all H star equal to constant lines will depend linearly on T and omega, which means the H star equal to constant line.",True,
en_nptel_lecture_demo_0061.wav,en_nptel_lecture_demo,en-IN,en-IN,,1,0.0,4.3,"is a line with a negative slope, meaning in the second quadrant.",True,
en_nptel_lecture_demo_0062.wav,en_nptel_lecture_demo,en-IN,en-IN,,1,0.0,9.0,"Of course, when we draw this line, you know, we are drawing accurately. But this argument that we are making is just to get an idea of what these lines will look like.",True,
en_nptel_lecture_demo_0063.wav,en_nptel_lecture_demo,en-IN,en-IN,,1,0.0,6.4,"Uh, this constant, uh, H star equal to constant, what does it look like on a, uh,",True,
en_nptel_lecture_demo_0065.wav,en_nptel_lecture_demo,en-IN,en-IN,,1,0.0,4.6,"with the negative slope, which is why we have shown the chart in the second quadrant.",True,
en_nptel_lecture_demo_0066.wav,en_nptel_lecture_demo,en-IN,en-IN,,1,0.0,6.7,So H star equal to constant line looks like this. So it's uh these lines are uh it has a negative slope.,True,
en_nptel_lecture_demo_0068.wav,en_nptel_lecture_demo,en-IN,en-IN,,1,0.0,12.0,"Or we can argue that HG is more or less a constant, so H star equal to constant is going to appear more or less like a straight line in with a negative slope in the psychrometric chart.",True,
en_nptel_lecture_demo_0069.wav,en_nptel_lecture_demo,en-IN,en-IN,,1,0.0,6.4,"Now VA on the face of it appears to depend both on T and omega, but if you look at the second term here.",True,
en_nptel_lecture_demo_0071.wav,en_nptel_lecture_demo,en-IN,en-IN,,1,0.0,15.05,"Omega is typically a number of the order of about, you know, 0.001 to maybe 0.01, 0.02, not very big, okay, when compared to 0.622, which means that essentially this term",True,
en_nptel_lecture_demo_0073.wav,en_nptel_lecture_demo,en-IN,en-IN,,1,0.0,14.9,"Uh, depends on omega and T. However, for the range of values of omega and T under consideration, the slope varies very little and hence lines of constant VA are nearly straight lines but steeper than lines of constant H star.",True,
en_nptel_lecture_demo_0074.wav,en_nptel_lecture_demo,en-IN,en-IN,,1,0.0,7.7,So the next expression that we are going to look at is the expression for wet bulb.,True,
en_nptel_lecture_demo_0075.wav,en_nptel_lecture_demo,en-IN,en-IN,,1,0.0,9.8,"Again, uh, this quantity, uh, omega minus omega, uh, wet bulb is likely to be a very, very small number, okay?",True,
en_nptel_lecture_demo_0076.wav,en_nptel_lecture_demo,en-IN,en-IN,,1,0.0,14.8,"is going to be a very small number. So the second term probably is negligibly small, which means that lines of constant wet bulb temperature will coincide with the lines of constant H star. So as you can see here,",True,
en_nptel_lecture_demo_0077.wav,en_nptel_lecture_demo,en-IN,en-IN,,1,0.0,13.03,"And you can see lines of constant wet bulb temperature here. So for example, 20 degrees Celsius, 15 degrees Celsius, 10 degrees Celsius. So you can see that they are almost parallel to",True,
en_nptel_lecture_demo_0081.wav,en_nptel_lecture_demo,en-IN,en-IN,,1,0.0,11.95,Lines of constant H star and that is what we are seeing in the chart also. So basically these are the quantities  contours of which are depicted in the psychrometric chart.,True,
en_nptel_lecture_demo_0082.wav,en_nptel_lecture_demo,en-IN,en-IN,,1,0.0,11.95,"So let us summarize what we have said so far. So we have argued that lines of constant H are straight lines, almost straight lines with a negative slope in the second quadrant in T omega coordinate space.",True,
en_nptel_lecture_demo_0083.wav,en_nptel_lecture_demo,en-IN,en-IN,,1,0.0,11.7,And we also argued that 0.622 plus omega depends very weakly on omega because omega itself is very small in psychrometric application. So PV depends almost linearly on omega alone.,True,
en_nptel_lecture_demo_0085.wav,en_nptel_lecture_demo,en-IN,en-IN,,1,0.0,12.5,"The quantity omega minus omega wet bulb is usually very small, which means that lines of constant wet bulb temperature almost coincide with lines of constant mixture specific enthalpy in the psychrometric chart.",True,
en_psychro_p1_0001.wav,en_psychro_p1,en-IN,en-IN,,1,0.0,13.45,"So in this  lecture, we are going to  discuss  psychrometry.  Okay, so what do we mean by the word psychrometry? Basically,  psychrometry is the study of the changes in the state",True,
en_psychro_p1_0002.wav,en_psychro_p1,en-IN,en-IN,,1,0.0,13.45,"and content of moist or humid air. And the primary application where psychrometry is applied is in heating, ventilation, and air conditioning, that is HVAC.",True,
en_psychro_p1_0007.wav,en_psychro_p1,en-IN,en-IN,,1,0.0,15.88,"Okay. 
Now, at the same time, if the  humidity level is high, that is also not very comfortable. 
Although temperature may be okay, but  high humidity level is also not good because you feel sticky. 
Again, there is a sense of discomfort. 
Okay, so for",True,
en_psychro_p1_0009.wav,en_psychro_p1,en-IN,en-IN,,1,0.0,15.88,"deals with that, okay? So essentially it looks at the state of moist air, which means air with water vapor in it, and also the content of moist air. So if the air is too dry, then we may want to add more water vapor to the air to make it more comfortable. If the air is too hot,",True,
en_psychro_p1_0010.wav,en_psychro_p1,en-IN,en-IN,,1,0.0,15.88,"Humid, we may want to remove some water vapor again to make the environment more comfortable, okay? So comfort depends on both temperature as well as humidity, and that is what we are going to study in this module, okay?",True,
en_psychro_p1_0011.wav,en_psychro_p1,en-IN,en-IN,,1,0.0,15.88,"Okay, how temperature, state of the air and content or in other words temperature and humidity of air can be controlled in these sorts of applications. So if you go to big buildings, the temperature and humidity are automatically controlled by the central air conditioning system.",True,
en_psychro_p1_0012.wav,en_psychro_p1,en-IN,en-IN,,1,0.0,13.93,"Automobiles also nowadays have very sophisticated systems where you can set the temperature and everything is regulated, so you have a very good sense of comfort, okay? So we will see how, uh, how this effect is achieved.",True,
en_psychro_p1_0013.wav,en_psychro_p1,en-IN,en-IN,,1,0.0,13.93,"In other words, how do we control the temperature and the moisture content in the air? Number one, how are these quantities measured so that appropriate control actions can be initiated? So we will look at both these aspects.",True,
en_psychro_p1_0014.wav,en_psychro_p1,en-IN,en-IN,,1,0.0,13.93,"in this module. 
In addition to HVAC,  psychrometry is also of importance in drying and also in cooling towers used in thermal power plants. 
We will look at these applications, but by and large it's used in HVAC.",True,
en_psychro_p1_0015.wav,en_psychro_p1,en-IN,en-IN,,1,0.0,7.2,"Okay? So the next question that arises is what is moist air? Okay, what do we mean by moist air or humid air? Because",True,
en_psychro_p1_0018.wav,en_psychro_p1,en-IN,en-IN,,1,0.0,15.0,"Okay? So humid air does not mean there is a lot of water vapor in the air or moist air does not mean there is a lot of water vapor in the air. Moist air or humid air refers to the fact that we have air, just dry air plus some amount of water vapor.",True,
en_psychro_p1_0019.wav,en_psychro_p1,en-IN,en-IN,,1,0.0,10.2,"Okay? The amount of water vapor, again, uh, is what we are actually going to quantify and try to control in practical applications.",True,
en_psychro_p1_0020.wav,en_psychro_p1,en-IN,en-IN,,1,0.0,15.7,"So let us take, uh, say air at a temperature of 25 degrees Celsius and one atmosphere pressure, okay? So it contains a certain amount of water vapor at the same temperature, but depending on the amount of water, it is at its own partial pressure PV.",True,
en_psychro_p1_0021.wav,en_psychro_p1,en-IN,en-IN,,1,0.0,13.3,Okay? So let us look at the state of the water vapor and  PV TV diagram like this. So you can see that the water vapor is at a temperature of 25 degrees Celsius and at some partial pressure.,True,
en_psychro_p1_0022.wav,en_psychro_p1,en-IN,en-IN,,1,0.0,8.6,"Okay, note that it lies on the superheated side, or in other words, the water vapor is superheated because the partial pressure is so low.",True,
en_psychro_p1_0023.wav,en_psychro_p1,en-IN,en-IN,,1,0.0,5.5,"Because the amount of water vapor that is in the air is very, very small.",True,
en_psychro_p1_0026.wav,en_psychro_p1,en-IN,en-IN,,1,0.0,15.75,"pressure of the water vapor, and as we increase the amount of water, the pressure increases. So the isobar moves in this direction, and as we decrease the amount of water vapor in the air, the isobar or corresponding to the partial pressure moves in this direction.",True,
en_psychro_p1_0027.wav,en_psychro_p1,en-IN,en-IN,,1,0.0,7.0,So the water vapor in the room is superheated on account of the fact that its partial pressure is quite small.,True,
en_psychro_p1_0029.wav,en_psychro_p1,en-IN,en-IN,,1,0.0,4.9,"steam that comes into mind and you know, temperature is very high. But",True,
en_psychro_p1_0030.wav,en_psychro_p1,en-IN,en-IN,,1,0.0,14.7,"Uh, that need not be the case. So here we have air at room temperature. The water vapor is also at room temperature, 25 degrees Celsius, but because its partial pressure is so low that it exists in the superheated state. Okay, that it's important to keep that in mind.",True,
en_psychro_p1_0032.wav,en_psychro_p1,en-IN,en-IN,,1,0.0,6.1,And the range of temperature that we are looking at is usually between 0 degrees Celsius and about 60 degrees Celsius.,True,
en_psychro_p1_0033.wav,en_psychro_p1,en-IN,en-IN,,1,0.0,12.3,"for these conditions,  so 60 degrees Celsius, the isotherm corresponding to 60 degrees Celsius is here, and the isotherm corresponding to 0 degrees Celsius is here. So this is the range of",True,
en_psychro_p1_0035.wav,en_psychro_p1,en-IN,en-IN,,1,0.0,12.05,"Uh, this illustration was actually discussed in the previous course when we talked about properties of pure substances, particularly steam.",True,
en_psychro_p1_0036.wav,en_psychro_p1,en-IN,en-IN,,1,0.0,12.05,"and R134A. So roughly, this shared area denotes the region in which the vapor obeys the ideal gas equation of state to within 10%.",True,
en_psychro_p1_0038.wav,en_psychro_p1,en-IN,en-IN,,1,0.0,13.4,"And we will assume that, uh, in this course, and that is a very safe engineering assumption to make. Okay, there is no need to use the tables. The departure from the tables is very small, so we can essentially use that and we will use that.",True,
en_psychro_p1_0039.wav,en_psychro_p1,en-IN,en-IN,,1,0.0,7.5,So these are the two important points that the water vapor in the room is superheated on account of its partial pressure being very small.,True,
en_psychro_p1_0040.wav,en_psychro_p1,en-IN,en-IN,,1,0.0,7.7,The water vapor is superheated and we will assume it to be an ideal gas which obeys PV equal to RT.,True,
en_psychro_p1_0041.wav,en_psychro_p1,en-IN,en-IN,,1,0.0,14.2,"So, moist air itself may be treated as a mixture of two ideal gases. Once we say that we are going to treat the water vapor as an ideal gas, we may take the moist air to be a mixture of two ideal gases, dry air.",True,
en_psychro_p1_0042.wav,en_psychro_p1,en-IN,en-IN,,1,0.0,5.6,"which is usually denoted with the subscript A, and water vapor denoted with the subscript V.",True,
en_psychro_p1_0043.wav,en_psychro_p1,en-IN,en-IN,,1,0.0,13.0,"Okay, so the air in this room is taken to be a mixture of two ideal gases, dry air itself and water vapor. Note that dry air itself is a mixture of two ideal gases, O2 and N2, but we need not worry.",True,
en_psychro_p1_0045.wav,en_psychro_p1,en-IN,en-IN,,1,0.0,4.9,And this enormously simplifies the thermodynamic analysis of psychrometric applications.,True,
en_psychro_p1_0047.wav,en_psychro_p1,en-IN,en-IN,,1,0.0,13.7,"mixture molecular weight. All these concepts have been discussed in great detail in the previous course, okay? So no new concepts are being introduced here. The only special thing is that moist air is a mixture of just two ideal gases.",True,
en_psychro_p1_0049.wav,en_psychro_p1,en-IN,en-IN,,1,0.0,5.0,Okay? So this is an application of mixture of ideal gases.,True,
en_psychro_p1_0051.wav,en_psychro_p1,en-IN,en-IN,,1,0.0,15.6,"Its own equation of state, dry air PA equal to number of moles of dry air times RT over V. Notice that we are using the Dalton's model. So all the components occupy the same volume and are at the same temperature, only their pressures are different.",True,
en_psychro_p1_0053.wav,en_psychro_p1,en-IN,en-IN,,1,0.0,13.9,"And since we have only two components, we may write the total pressure of mixture is nothing but the sum of the partial pressures of its components. So PA plus PV. And the total number of moles is also the sum of the number of moles of the individual species.",True,
en_psychro_p1_0055.wav,en_psychro_p1,en-IN,en-IN,,1,0.0,5.0,And so that is we can use that for both PV and PA.,True,
en_psychro_p1_0056.wav,en_psychro_p1,en-IN,en-IN,,1,0.0,14.5,"So,  if you are not familiar with this, I  suggest that you  look at the video  in the first course which deals with mixture of ideal gases and then  revise these concepts before you proceed.",True,
en_psychro_p1_0057.wav,en_psychro_p1,en-IN,en-IN,,1,0.0,6.7,"So the first new term that we are going to introduce, I'm sorry, introduce in psychrometry is the",True,
en_psychro_p1_0058.wav,en_psychro_p1,en-IN,en-IN,,1,0.0,8.7,Okay? The humidity ratio denoted omega is defined as the ratio of the mass of the water vapor to mass of dry air in a given sample.,True,
en_psychro_p1_0060.wav,en_psychro_p1,en-IN,en-IN,,1,0.0,14.2,"sort of don't realize that you are talking about MV or masses of different substances in the numerator and denominator, okay? So it's always a good practice to denote this as MV over MA, kg vapor per kg dry air.",True,
en_psychro_p1_0061.wav,en_psychro_p1,en-IN,en-IN,,1,0.0,13.3,"Now, we can write this since, um, by definition, molecular weight is, uh, mass divided by number of moles, we may write MV as NV times MV, and similarly for the dry air.",True,
en_psychro_p1_0062.wav,en_psychro_p1,en-IN,en-IN,,1,0.0,7.3,"And if I divide the numerator and denominator by n, in this case, for instance, if I, if I do this.",True,
en_psychro_p1_0063.wav,en_psychro_p1,en-IN,en-IN,,1,0.0,5.7,"So I divide the numerator and denominator by n, then nv over n may be written as",True,
en_psychro_p1_0065.wav,en_psychro_p1,en-IN,en-IN,,1,0.0,12.5,"As we learned in the previous course, sum of all mole fractions should sum up to 1. In this case, there are only two components, so YA plus YV equal to 1, and I can replace YA in the denominator with 1 minus YV.",True,
en_psychro_p1_0068.wav,en_psychro_p1,en-IN,en-IN,,1,0.0,9.3,"Now, if I substitute the value for molecular weight of water vapor 18 and for air 28.97, we get this to be",True,
en_psychro_p1_0069.wav,en_psychro_p1,en-IN,en-IN,,1,0.0,10.2,Omega equal to 0.622 times PV over P minus PV kg vapor per kg dry air. So this is an expression that we will use quite extensively.,True,
en_psychro_p1_0070.wav,en_psychro_p1,en-IN,en-IN,,1,0.0,10.6,Another term that is used  in the context of  synchrometry and HVAC application is relative humidity denoted by the Greek letter phi.,True,
en_psychro_p1_0071.wav,en_psychro_p1,en-IN,en-IN,,1,0.0,15.37,"from practical experience,  you may  probably have  noticed the following. Let's say that we have a certain amount of water vapor in the air in this room. And we keep adding more and more water vapor, and beyond a certain point,",True,
en_psychro_p1_0073.wav,en_psychro_p1,en-IN,en-IN,,1,0.0,15.37,"I will explain that in a minute. But the air appears to be quote unquote saturated. You cannot add any more water vapor to the air in the room. So if you try to add any more water vapor, it simply condenses back to liquid water. It doesn't stay in the vapor form or superheated form.",True,
en_psychro_p1_0074.wav,en_psychro_p1,en-IN,en-IN,,1,0.0,14.5,"Okay? 
So, that means that there is a maximum to the amount of water vapor that this air can hold at this temperature. 
We have not changed the temperature of the  of the air in the in the room. 
So the temperature remains constant.",True,
en_psychro_p1_0075.wav,en_psychro_p1,en-IN,en-IN,,1,0.0,14.5,"We try to add more and more water, which means that the partial pressure of the water vapor increases and the partial pressure of air decreases, but the mixture pressure remains the same, okay? So, so we keep adding more and more water vapor.",True,
en_psychro_p1_0076.wav,en_psychro_p1,en-IN,en-IN,,1,0.0,4.2,And it appears that there is a maximum amount of water vapor that we can add.,True,
en_psychro_p1_0078.wav,en_psychro_p1,en-IN,en-IN,,1,0.0,6.5,"In the given sample, to the maximum mole fraction of water vapor that can be present at the same temperature.",True,
en_psychro_p1_0079.wav,en_psychro_p1,en-IN,en-IN,,1,0.0,13.9,can only hold so much of water. So that is the maximum amount of water vapor that the air can hold at this temperature. So the ratio of YV over YV saturated at that pressure and temperature is called relative humidity.,True,
en_psychro_p1_0081.wav,en_psychro_p1,en-IN,en-IN,,1,0.0,14.3,"And as I said, the mixture pressure remains the same. So when the mixture appears to be saturated, the mole fraction of water vapor is a different value. It is likely to be higher because we have added more water vapor. So YV sat.",True,
en_psychro_p1_0082.wav,en_psychro_p1,en-IN,en-IN,,1,0.0,9.2,"Times P is the partial pressure of water vapor at that state, okay? So the ratio comes out to be PV over P sat of T.",True,
en_psychro_p1_0083.wav,en_psychro_p1,en-IN,en-IN,,1,0.0,8.3,"Okay, remember, once the water vapor, amount of water vapor reaches its maximum value,",True,
en_psychro_p1_0085.wav,en_psychro_p1,en-IN,en-IN,,1,0.0,10.9,Precisely meant by that is that the partial pressure of water vapor. The amount of water vapor is such that the partial pressure of water vapor is equal to the saturation pressure.,True,
en_psychro_p1_0086.wav,en_psychro_p1,en-IN,en-IN,,1,0.0,6.8,"Okay, so that is called relative humidity. So relative humidity 100% implies that the air is",True,
en_psychro_p1_0087.wav,en_psychro_p1,en-IN,en-IN,,1,0.0,11.5,"Any value less than that, we can say the air is not saturated, there is room for adding more water. So if it is too humid, so we say the relative humidity is high, then you feel sticky.",True,
en_psychro_p1_0088.wav,en_psychro_p1,en-IN,en-IN,,1,0.0,16.85,"So 80%, 90%, 100%, you feel sticky. If the relative humidity is 20 or 30% and the temperature is also in a reasonable range, then we feel comfortable, okay? So relative humidity measures not only the amount of water vapor present, but also",True,
en_psychro_p1_0089.wav,en_psychro_p1,en-IN,en-IN,,1,0.0,16.85,"The amount that can be present in relation to the temperature. So it brings in both the effect, the mole fraction of amount of water vapor and the temperature. Whereas the humidity ratio talks only about the amount of water vapor, not the temperature of the mixture.",True,
en_psychro_p1_0090.wav,en_psychro_p1,en-IN,en-IN,,1,0.0,13.7,"So relative humidity is a very important term that is used in psychrometric applications and also if you listen to weather forecast, let's say temperature predicted tomorrow is let's say 26 degrees Celsius, relative humidity 50%.",True,
en_psychro_p1_0091.wav,en_psychro_p1,en-IN,en-IN,,1,0.0,4.4,"In this chart, let me just clear some of these lines here.",True,
en_psychro_p1_0092.wav,en_psychro_p1,en-IN,en-IN,,1,0.0,5.9,So let's say we have water vapor at 25 degrees Celsius and certain partial pressure.,True,
en_psychro_p1_0093.wav,en_psychro_p1,en-IN,en-IN,,1,0.0,7.7,"Okay, let's say that the partial pressure is less than the maximum value. And now, if I add water,",True,
en_psychro_p1_0094.wav,en_psychro_p1,en-IN,en-IN,,1,0.0,8.0,"More water vapor to this air while keeping the temperature constant, the state of the water vapor.",True,
en_psychro_p1_0095.wav,en_psychro_p1,en-IN,en-IN,,1,0.0,6.1,"moves like this. Because as I add water, there's a partial pressure increases and the state",True,
en_psychro_p1_0096.wav,en_psychro_p1,en-IN,en-IN,,1,0.0,12.6,"Uh, the partial pressure keeps moving like this. So we keep moving along the isotherm into different isobars, okay? Because we are keeping the temperature constant, we are moving along the isotherm.",True,
en_psychro_p1_0097.wav,en_psychro_p1,en-IN,en-IN,,1,0.0,5.4,"Okay, notice that this state lies on the saturated vapor line. So this is the saturated.",True,
en_psychro_p1_0098.wav,en_psychro_p1,en-IN,en-IN,,1,0.0,8.6,"So this state lies on the saturated vapor line. We cannot add any more water beyond this point. If you do, the water will condense right back into a liquid.",True,
en_psychro_p1_0099.wav,en_psychro_p1,en-IN,en-IN,,1,0.0,5.8,"The partial pressure corresponding to the given state, which is PV, divided by this pressure.",True,
en_psychro_p1_0100.wav,en_psychro_p1,en-IN,en-IN,,1,0.0,8.6,"25 degrees Celsius, okay? Notice that this is the saturation pressure corresponding to 25 degrees Celsius. That is called the relative humidity corresponding to this state.",True,
en_psychro_p1_0101.wav,en_psychro_p1,en-IN,en-IN,,1,0.0,7.4,Okay? The dew point temperature is defined simply as the saturation temperature corresponding to the partial pressure of the water vapor.,True,
en_psychro_p1_0102.wav,en_psychro_p1,en-IN,en-IN,,1,0.0,8.3,"So we have, uh, we have moist air at let's say 25 degrees Celsius and there's a certain amount of water vapor. So its partial pressure is PV.",True,
en_psychro_p1_0103.wav,en_psychro_p1,en-IN,en-IN,,1,0.0,4.5,So the saturation temperature corresponding to PV is called the dew point temperature.,True,
en_psychro_p1_0106.wav,en_psychro_p1,en-IN,en-IN,,1,0.0,13.5,Which means that the partial pressure of the water vapor remains constant. So we are as opposed to constant temperature process that we looked at in connection with relative humidity. Now we are looking at a constant.,True,
en_psychro_p1_0109.wav,en_psychro_p1,en-IN,en-IN,,1,0.0,13.4,"I saw bar like this until I reach this state point. So once I reach this state point, again it's on the saturated vapor line, and if I lower it any further, water will begin to condense. So this temperature, the corresponding temperature here,",True,
en_psychro_p1_0110.wav,en_psychro_p1,en-IN,en-IN,,1,0.0,7.0,"This temperature is called the dew point temperature, and that is nothing but the saturation temperature corresponding to PV.",True,
en_psychro_p1_0111.wav,en_psychro_p1,en-IN,en-IN,,1,0.0,6.9,"This is why, um, you see dew or dew drops on grass and leaves in the early in the morning.",True,
en_psychro_p1_0112.wav,en_psychro_p1,en-IN,en-IN,,1,0.0,5.5,"Okay, so the air contained a certain amount of water vapor in the evening.",True,
en_psychro_p1_0113.wav,en_psychro_p1,en-IN,en-IN,,1,0.0,5.2,"There is no more evaporation, so that is the maximum amount of vapor that you are going to see, right?",True,
en_psychro_p1_0114.wav,en_psychro_p1,en-IN,en-IN,,1,0.0,5.1,"So as the temperature begins to drop during the night, the amount of water vapor remains the same.",True,
en_psychro_p1_0115.wav,en_psychro_p1,en-IN,en-IN,,1,0.0,10.0,"Okay? The temperature begins to drop, and then if it drops close to the dew point temperature during the night, you will start to see dew drops on leaves and other surfaces.",True,
en_psychro_p1_0116.wav,en_psychro_p1,en-IN,en-IN,,1,0.0,9.1,"Late in the evening is sufficiently high and the temperature drops sufficiently low during the night, then you will definitely see dew early in the morning.",True,
en_psychro_p1_0117.wav,en_psychro_p1,en-IN,en-IN,,1,0.0,6.0,"Uh, as moist air is heated at constant pressure, it becomes drier, okay? So you can see this here.",True,
en_psychro_p1_0118.wav,en_psychro_p1,en-IN,en-IN,,1,0.0,9.7,"So as we heat moist air at constant pressure, that means we are moving along in this direction. Okay, let me just change the color here.",True,
en_psychro_p1_0119.wav,en_psychro_p1,en-IN,en-IN,,1,0.0,9.1,"So if I heat moist air at constant pressure, then I'm moving along this isobar like this. So as I keep moving up, uh, you can see that it becomes drier.",True,
en_psychro_p1_0120.wav,en_psychro_p1,en-IN,en-IN,,1,0.0,4.2,"Okay? Because it's distance, so let us say heat it up to this point.",True,
en_psychro_p1_0121.wav,en_psychro_p1,en-IN,en-IN,,1,0.0,8.5,The saturation state corresponding to this lies over here. This corresponds to phi equal to 100. So this is phi equal to 100.,True,
en_psychro_p1_0122.wav,en_psychro_p1,en-IN,en-IN,,1,0.0,14.1,"For this state. So as I move up here, you can see that here this state is closer to the saturated vapor line. Here it is far away from the saturated vapor line. So as I heat air, moist air at a constant pressure, the air becomes drier.",True,
en_psychro_p1_0123.wav,en_psychro_p1,en-IN,en-IN,,1,0.0,9.1,"As a cool moist air at constant pressure, uh, the state gets closer and closer to the saturated vapor line, so the air becomes more and more humid.",True,
en_psychro_p1_0126.wav,en_psychro_p1,en-IN,en-IN,,1,0.0,6.9,"Not only the amount of water vapor, but the temperature also. So relative humidity actually brings out the fact that perception of humidity.",True,
en_psychro_p1_0128.wav,en_psychro_p1,en-IN,en-IN,,1,0.0,6.8,Okay? So what practical HVAC systems try to do is to heat and cool.,True,
en_psychro_p1_0129.wav,en_psychro_p1,en-IN,en-IN,,1,0.0,9.1,And humidify and dehumidify air to achieve an ideal combination of temperature and humidity for maximum comfort of the occupants.,True,
en_psychro_p1_0130.wav,en_psychro_p1,en-IN,en-IN,,1,0.0,7.0,"Humidify by adding water, dehumidify by cooling the air so that the water vapor condenses out.",True,
en_psychro_p1_0131.wav,en_psychro_p1,en-IN,en-IN,,1,0.0,17.1,"Okay, humidification is done by adding steam to the air. Dehumidification is done by cooling the air so that the water vapor condenses out. So this is what HVAC systems do. But in order to do this, you need to know what the temperature is and also what the amount of water vapor in the air is.",True,
en_psychro_p1_0132.wav,en_psychro_p1,en-IN,en-IN,,1,0.0,16.4,"Okay, that is also. So both these quantities have to be measured and monitored continuously so that the room can be, room or dwelling or automobile can be maintained, the interior can be maintained at a comfortable temperature and humidity level. And that is what we are going to see next, how that is done.",True,
en_psychro_p2_0001.wav,en_psychro_p2,en-IN,en-IN,,1,0.0,8.5,Let us look at a few worked examples which will illustrate the concepts that we have studied so far before moving on to the actual application.,True,
en_psychro_p2_0002.wav,en_psychro_p2,en-IN,en-IN,,1,0.0,13.2,"Okay? 
First one is a simple example, ambient air at 25 degrees Celsius in one atmosphere is observed to have a dew point temperature of 15 degrees Celsius. 
Determine the relative humidity and the humidity ratio.",True,
en_psychro_p2_0003.wav,en_psychro_p2,en-IN,en-IN,,1,0.0,7.5,"Okay, so we are given that dew point temperature, T sat of PV is 15 degrees Celsius. So we go to the steam table.",True,
en_psychro_p2_0004.wav,en_psychro_p2,en-IN,en-IN,,1,0.0,4.6,PV to be 1.706 kilopascal.,True,
en_psychro_p2_0005.wav,en_psychro_p2,en-IN,en-IN,,1,0.0,6.2,"So I'm sorry, this is the, yeah, saturation pressure corresponding to 15 degrees Celsius.",True,
en_psychro_p2_0006.wav,en_psychro_p2,en-IN,en-IN,,1,0.0,7.0,"So T sat of PV equal to 15 degrees Celsius. So, so what we do is we go to the table.",True,
en_psychro_p2_0007.wav,en_psychro_p2,en-IN,en-IN,,1,0.0,8.4,"Now, P sat of 25 degrees Celsius can be retrieved from the table, again from the temperature table as 3.169 kilopascal.",True,
en_psychro_p2_0008.wav,en_psychro_p2,en-IN,en-IN,,1,0.0,9.3,So we can evaluate relative humidity as PV over PV P-sat of 25 degrees Celsius and this comes out to be 53.83%.,True,
en_psychro_p2_0009.wav,en_psychro_p2,en-IN,en-IN,,1,0.0,16.9,"Okay? 
Now, we can also calculate the immunity ratio using this expression, since we know PV, relative  I'm sorry, immunity ratio comes out to be 0.01065 kg vapor per kg air. 
So you can see that the amount of water vapor is not very high.",True,
en_psychro_p2_0010.wav,en_psychro_p2,en-IN,en-IN,,1,0.0,4.0,"Okay, so it's important that you",True,
en_psychro_p2_0011.wav,en_psychro_p2,en-IN,en-IN,,1,0.0,9.8,"Sort of have this diagram in mind all the time so that it is helpful when you are trying to solve problems. So for this problem,",True,
en_psychro_p2_0012.wav,en_psychro_p2,en-IN,en-IN,,1,0.0,4.9,"What we could have done is we could have drawn, for example, a TV diagram like this.",True,
en_psychro_p2_0015.wav,en_psychro_p2,en-IN,en-IN,,1,0.0,4.4,So we go to the temperature table and determine the pressure.,True,
en_psychro_p2_0017.wav,en_psychro_p2,en-IN,en-IN,,1,0.0,6.6,"And PSAT is 3.169, so this is the isobar corresponding to 3.169 KPA.",True,
en_psychro_p2_0018.wav,en_psychro_p2,en-IN,en-IN,,1,0.0,8.9,"So please remember this TV diagram and try to use this when you are solving problems. It will be very, very helpful.",True,
en_psychro_p2_0019.wav,en_psychro_p2,en-IN,en-IN,,1,0.0,15.53,"Next example reads like this, ambient air at a geographic location is 25 degrees Celsius, one atmosphere and 90% relative humidity. Determine the maximum amount of liquid water that can be extracted per unit volume of ambient air. As",True,
en_psychro_p2_0021.wav,en_psychro_p2,en-IN,en-IN,,1,0.0,15.53,"It's a pure water, you know, that is taken from the air and so on. So let us, you know, let us try to find out how much water can realistically be extracted, okay? In fact, this example uses 90% relative humidity, that is relatively.",True,
en_psychro_p2_0023.wav,en_psychro_p2,en-IN,en-IN,,1,0.0,17.1,"Okay? 
So, saturation pressure corresponding to 25 degrees Celsius is 3.169 kPa from the table. 
So for phi equal to 90, from the definition of relative humidity, we can evaluate the partial pressure of water vapor to be 2.8521 kilopascal.",True,
en_psychro_p2_0024.wav,en_psychro_p2,en-IN,en-IN,,1,0.0,7.1,"And since we are assuming the water vapor to be an ideal gas, the amount of if you assume the total volume.",True,
en_psychro_p2_0025.wav,en_psychro_p2,en-IN,en-IN,,1,0.0,7.8,"Mixture volume to be 1 meter cube, we can actually evaluate the amount of water vapor to be 20.72 grams.",True,
en_psychro_p2_0027.wav,en_psychro_p2,en-IN,en-IN,,1,0.0,5.3,"Under ideal condition, practical situation, it's likely to be much less than this. So,",True,
en_psychro_p2_0029.wav,en_psychro_p2,en-IN,en-IN,,1,0.0,6.3,"Okay, plus you have to keep in mind that as you extract the moisture from the air, the air becomes dry.",True,
en_psychro_p2_0030.wav,en_psychro_p2,en-IN,en-IN,,1,0.0,8.8,"And as I said before, dry air is also not very comfortable. That can also cause lots of health issues. So this.",True,
en_psychro_p2_0031.wav,en_psychro_p2,en-IN,en-IN,,1,0.0,6.5,My opinion is not a very practical or practicable way of producing drinking water.,True,
en_psychro_p2_0032.wav,en_psychro_p2,en-IN,en-IN,,1,0.0,13.9,"The last example that we are going to look at is this: 1 kg of air at 25 degrees Celsius, 1 atmosphere, and 70% relative humidity is compressed to 5 atmosphere in a polytropic process.",True,
en_psychro_p2_0033.wav,en_psychro_p2,en-IN,en-IN,,1,0.0,8.9,"It is then cooled at constant volume to 25 degrees Celsius, determine the humidity ratio and the relative humidity of air after the compression process.",True,
en_psychro_p2_0035.wav,en_psychro_p2,en-IN,en-IN,,1,0.0,13.3,"So in the initial state, relative humidity is given. So we know P sat water at 25 degrees Celsius. So we can evaluate the partial pressure of water vapor initially to be 2.2183 kilopascal.",True,
en_psychro_p2_0036.wav,en_psychro_p2,en-IN,en-IN,,1,0.0,11.2,And the humidity ratio in the beginning may be evaluated using this expression. It comes out to be 0.0139 kg vapor per kg dry air.,True,
en_psychro_p2_0037.wav,en_psychro_p2,en-IN,en-IN,,1,0.0,5.7,"Now, it is heated in a polytropic process, so it goes from state 1 to state 2.",True,
en_psychro_p2_0040.wav,en_psychro_p2,en-IN,en-IN,,1,0.0,5.9,"Now, after the compression, remember, no water is added or removed, so the humidity ratio remains the same.",True,
en_psychro_p2_0041.wav,en_psychro_p2,en-IN,en-IN,,1,0.0,4.2,"Uh, 0.0139 kg vapor per kg dry air.",True,
en_psychro_p2_0042.wav,en_psychro_p2,en-IN,en-IN,,1,0.0,5.6,"And since omega 2 is known, we may evaluate the partial pressure of water vapor.",True,
en_psychro_p2_0043.wav,en_psychro_p2,en-IN,en-IN,,1,0.0,5.1,"Using this expression, remember, we already had this expression, so omega.",True,
en_psychro_p2_0045.wav,en_psychro_p2,en-IN,en-IN,,1,0.0,9.2,"Mixture pressure, final pressure is also known. Remember, it is compressed to a pressure of 5 atmospheres. So that pressure is also known. So you may evaluate PV from this.",True,
en_psychro_p2_0046.wav,en_psychro_p2,en-IN,en-IN,,1,0.0,9.8,The temperature at the end of compression is 411 Kelvin or 138 degrees Celsius. So P sat corresponding to 138 degrees Celsius is 341.92.,True,
en_psychro_p2_0047.wav,en_psychro_p2,en-IN,en-IN,,1,0.0,4.2,So some of these numbers are entered here. So T-SAT corresponding to,True,
en_psychro_p2_0048.wav,en_psychro_p2,en-IN,en-IN,,1,0.0,5.7,"And this is the saturation pressure corresponding to 138, so this is the corresponding isobar.",True,
en_psychro_p2_0049.wav,en_psychro_p2,en-IN,en-IN,,1,0.0,10.7,"So you can see that the relative humidity has decreased considerably, although no water has been removed. But the humidity ratio remains the same because no water has been added or removed.",True,
en_psychro_p2_0051.wav,en_psychro_p2,en-IN,en-IN,,1,0.0,6.0,"We have illustrated this qualitatively, but what we don't know is whether state three lies.",True,
en_psychro_p2_0052.wav,en_psychro_p2,en-IN,en-IN,,1,0.0,18.0,"State three may also lie here, okay, above the saturated vapor line, or it can lie below the saturated vapor line as indicated here. So we need to find out the temperature at which condensation will begin. In other words, we need to find out the temperature of this state point on the saturated vapor line.",True,
en_psychro_p2_0053.wav,en_psychro_p2,en-IN,en-IN,,1,0.0,4.4,"At that temperature, when the specific volume of the vapor becomes equal to",True,
en_psychro_p2_0054.wav,en_psychro_p2,en-IN,en-IN,,1,0.0,4.5,Indha specific volume of the vapor becomes equal to specific volume of the saturated vapor.,True,
en_psychro_p2_0055.wav,en_psychro_p2,en-IN,en-IN,,1,0.0,4.3,"Okay, you can see here that at this state, specific volume of the vapor.",True,
en_psychro_p2_0056.wav,en_psychro_p2,en-IN,en-IN,,1,0.0,6.2,"Okay, so there is, so at this temperature, the specific volume of the saturated vapor is equal to specific volume of the",True,
en_psychro_p2_0057.wav,en_psychro_p2,en-IN,en-IN,,1,0.0,6.3,"Now, the specific volume of the vapor after the compression process may be evaluated using ideal gas equation of state.",True,
en_psychro_p2_0058.wav,en_psychro_p2,en-IN,en-IN,,1,0.0,6.6,"We know the temperature, we know its partial pressure, so we may evaluate the specific volume as 17.15.",True,
en_psychro_p2_0059.wav,en_psychro_p2,en-IN,en-IN,,1,0.0,10.1,"So we go to the temperature table for water and establish that for a temperature of 42.8 degrees Celsius, VG is equal to 17.15.",True,
en_psychro_p2_0060.wav,en_psychro_p2,en-IN,en-IN,,1,0.0,4.1,"So, condensation begins at 42.8 degrees Celsius.",True,
en_psychro_p2_0062.wav,en_psychro_p2,en-IN,en-IN,,1,0.0,7.6,So the final specific volume again remains the same at 17.15. So we may evaluate the dryness fraction at state three.,True,
en_psychro_p2_0063.wav,en_psychro_p2,en-IN,en-IN,,1,0.0,6.7,"Remember, the definition of dryness fraction is mass of vapor divided by",True,
en_psychro_p2_0064.wav,en_psychro_p2,en-IN,en-IN,,1,0.0,12.4,mass of water or mass of mixture which contains both liquid and vapor. So basically this is mv divided by m liquid plus m vapor.,True,
en_psychro_p2_0065.wav,en_psychro_p2,en-IN,en-IN,,1,0.0,5.6,"Actually, we may, uh, for the present purpose, we may write this as m minus",True,
en_psychro_p2_0066.wav,en_psychro_p2,en-IN,en-IN,,1,0.0,10.0,"So M liquid is what we are denoting here as MW. So you can see that M liquid is nothing but 1 minus X times the mass of water, but",True,
en_psychro_p2_0067.wav,en_psychro_p2,en-IN,en-IN,,1,0.0,13.0,"Uh, the water was present initially entirely as vapor. So that means that this mass of water is equal to the m here, is equal to mv1 and that is what we have used here.",True,
en_psychro_p2_0068.wav,en_psychro_p2,en-IN,en-IN,,1,0.0,6.0,"Okay, because the water is entirely present as or present entirely as vapor at the beginning of the process.",True,
en_psychro_p2_0069.wav,en_psychro_p2,en-IN,en-IN,,1,0.0,6.0,So from which we may evaluate mass of liquid as 1 minus X times mass of vapor.,True,
en_psychro_p2_0070.wav,en_psychro_p2,en-IN,en-IN,,1,0.0,7.9,"Omega is nothing but mass of vapor divided by mass of dry air, so omega 1 times mass of dry air, and we may then simplify.",True,
en_psychro_p2_0073.wav,en_psychro_p2,en-IN,en-IN,,1,0.0,5.6,V3 over R times T3 equal to PA2.,True,
en_psychro_p2_0074.wav,en_psychro_p2,en-IN,en-IN,,1,0.0,11.6,"So R cancels out. V3 equal to V2, constant volume process, so this also cancels out. So we may evaluate the final pressure of the dry air to be 359.308 kilopascal.",True,
en_psychro_p2_0076.wav,en_psychro_p2,en-IN,en-IN,,1,0.0,4.9,"So, the pressure of the dry air is known, pressure of the uh",True,
en_psychro_p2_0077.wav,en_psychro_p2,en-IN,en-IN,,1,0.0,6.7,Water vapor is also known. So the mixture pressure is the sum of the two and that is equal to 362.477.,True,
en_psychro_p2_0078.wav,en_psychro_p2,en-IN,en-IN,,1,0.0,7.4,"Okay, so these three examples illustrate the use of the",True,
en_psychro_p2_0079.wav,en_psychro_p2,en-IN,en-IN,,1,0.0,4.1,"Concepts or terms, humidity ratio, relative humidity.",True,
en_psychro_p2_0081.wav,en_psychro_p2,en-IN,en-IN,,1,0.0,13.4,"So what we will do in the next lecture is apply first law to psychrometric process. So far, we have only looked at equation of state and definitions of omega, humidity ratio and relative humidity.",True,
en_psychro_p2_0082.wav,en_psychro_p2,en-IN,en-IN,,1,0.0,8.0,"and saturation pressure and saturation temperature. Now we will apply first law because we said psychrometric applications involve heating, cooling.",True,
en_psychro_p2_0083.wav,en_psychro_p2,en-IN,en-IN,,1,0.0,5.2,"Okay, and humidifying, dehumidifying is addition or removal of water vapor.",True,
hi_sadhguru_decision_0001.wav,hi_sadhguru_decision,hi-IN,hi-IN,,1,0.0,4.0,"कभी मैं यहां सहज, तो कभी मुझे असहज महसूस होता है।",True,
hi_sadhguru_decision_0002.wav,hi_sadhguru_decision,hi-IN,hi-IN,,1,0.0,5.6,"जब भी आपकी भावनाएं ऊपर नीचे होती हैं, आपका मन कई चीजें कहता है, वो महत्वपूर्ण नहीं है।",True,
hi_sadhguru_decision_0003.wav,hi_sadhguru_decision,hi-IN,hi-IN,,1,0.0,4.3,"आप 10 साल नर्क से गुजरते हैं तब भी फर्क नहीं पड़ता, आप बस वही करिए।",True,
hi_sadhguru_decision_0004.wav,hi_sadhguru_decision,hi-IN,hi-IN,,1,0.0,5.0,"स्पष्टता और आनंद में आपने जो तय किया, उसी पर अचलता से टिके रहिए।",True,
hi_sadhguru_decision_0005.wav,hi_sadhguru_decision,hi-IN,hi-IN,,1,0.0,6.0,"हर दिन जब आपके विचार और भावनाएं यहां वहां उड़ते हैं, आप अपना मन बदलते रहते हैं, बदलते रहते हैं।",True,
hi_sadhguru_decision_0008.wav,hi_sadhguru_decision,hi-IN,hi-IN,,1,0.0,4.6,और आप में उससे बाहर आकर फिर से यात्रा शुरू करने की हिम्मत नहीं होती।,True,
hi_sadhguru_decision_0010.wav,hi_sadhguru_decision,hi-IN,hi-IN,,1,0.0,4.3,"कि हर बार जब आप आराम या परेशानी की अलग-अलग अवस्थाओं में होते हैं,",True,
hi_sadhguru_decision_0011.wav,hi_sadhguru_decision,hi-IN,hi-IN,,1,0.0,4.7,आराम या परेशानी के अलग-अलग स्तरों के कारण नए स्तर के तर्क आ जाएंगे।,True,
hi_sadhguru_decision_0012.wav,hi_sadhguru_decision,hi-IN,hi-IN,,1,0.0,4.0,दुनिया ऐसी हो चुकी है कि माओवादी पूंजीवादी बन गए हैं।,True,
hi_sadhguru_decision_0013.wav,hi_sadhguru_decision,hi-IN,hi-IN,,1,0.0,6.2,"कल ये आपको भयानक लग सकता है पर उससे कोई फर्क नहीं पड़ता। बस आप टिके रहिए, चाहे आपको वो नर्क जैसा लगे।",True,
hi_sadhguru_emptiness_0002.wav,hi_sadhguru_emptiness,hi-IN,hi-IN,,1,0.0,4.2,लेकिन फिर आप देखते हैं कि उनके पास 10 अरब रुपए हैं। अच्छा आपके पास है?,True,
hi_sadhguru_emptiness_0003.wav,hi_sadhguru_emptiness,hi-IN,hi-IN,,1,0.0,7.4,"और आप इससे गुज़रे, उससे गुज़रे, फिर उन्होंने बताया दसवीं बोर्ड की परीक्षा है, बस यही है। अगर तुमने पास कर ली तो?",True,
hi_sadhguru_emptiness_0004.wav,hi_sadhguru_emptiness,hi-IN,hi-IN,,1,0.0,6.3,"यही आपके माता-पिता आपसे कहते रहे, यह तुम्हारे जीवन का अहम पड़ाव है। दसवीं कक्षा बहुत ज़रूरी है।",True,
hi_sadhguru_emptiness_0005.wav,hi_sadhguru_emptiness,hi-IN,hi-IN,,1,0.0,4.5,और दसवीं पास करने के बाद आपका सीना तन गया। ऐसा लगा आप सब जान गए।,True,
hi_sadhguru_emptiness_0006.wav,hi_sadhguru_emptiness,hi-IN,hi-IN,,1,0.0,5.7,"पर अगले ही दिन वो कहेंगे कौन से कॉलेज जाओगे, कौन से कॉलेज जाओगे, कैसा कॉलेज? मुझे लगा",True,
hi_sadhguru_emptiness_0007.wav,hi_sadhguru_emptiness,hi-IN,hi-IN,,1,0.0,5.5,"जब आप किसी के प्यार में पड़े, तो पता है ना, वो एक, दो या तीन और पैदा करती है।",True,
hi_sadhguru_emptiness_0008.wav,hi_sadhguru_emptiness,hi-IN,hi-IN,,1,0.0,5.9,आप ब्रह्मांड की हर चीज से प्यार करने लगें तो भी यह पूरा नहीं भरेगा। इसमें और समाने की गुंजाइश रहेगी।,True,
hi_sadhguru_emptiness_0010.wav,hi_sadhguru_emptiness,hi-IN,hi-IN,,1,0.0,4.5,"हर छोटी बड़ी चीज़, हर चीज़ आपको जकड़ लेती है। जैसे ही आप मुक्त हुए,",True,
hi_sadhguru_emptiness_0011.wav,hi_sadhguru_emptiness,hi-IN,hi-IN,,1,0.0,7.0,"और सोच रहे हैं अगर मैं एक छोड़ दूं तो खाली हो जाऊंगा। चलो एक और छोड़ दूं, खाली हो जाऊंगा। लोग काशी जाते हैं।",True,
hi_sadhguru_emptiness_0012.wav,hi_sadhguru_emptiness,hi-IN,hi-IN,,1,0.0,4.4,"यह एक परंपरा है। पुराने समय में वे कहते थे जब आप काशी जाएं,",True,
hi_sadhguru_emptiness_0013.wav,hi_sadhguru_emptiness,hi-IN,hi-IN,,1,0.0,8.1,बस और कुछ नहीं। हर दिन आप सैकड़ों शव जलते देखते हैं। आप वहां कुछ दिन या कुछ महीने बैठते हैं और जब वापस लौटते हैं तो आप मुक्त हों।,True,
hi_sadhguru_emptiness_0014.wav,hi_sadhguru_emptiness,hi-IN,hi-IN,,1,0.0,6.7,"फिर लोगों ने इसे थोड़ा बदल दिया। आपको कुछ पैसे छोड़कर आना चाहिए, आपको कुछ और छोड़कर आना चाहिए। आजकल लोग",True,
hi_sadhguru_emptiness_0015.wav,hi_sadhguru_emptiness,hi-IN,hi-IN,,1,0.0,4.6,शंकरन पिल्लई की नई शादी हुई थी।,True,
hi_sadhguru_emptiness_0017.wav,hi_sadhguru_emptiness,hi-IN,hi-IN,,1,0.0,8.2,"वासनी, वासनी। वासनी अगर आप शून्य होना चाहती हैं तो जरूरी है कि आप वश से मुक्त हो जाएं। व्हाट इज नीडेड इज टू गेट डिस्पोसेस्ड।",True,
hi_sadhguru_emptiness_0018.wav,hi_sadhguru_emptiness,hi-IN,hi-IN,,1,0.0,4.2,"चाहे आप लाखों साल कोशिश करें, आपको हमेशा कुछ नया मिलता रहेगा क्योंकि",True,
hi_sadhguru_emptiness_0019.wav,hi_sadhguru_emptiness,hi-IN,hi-IN,,1,0.0,4.2,आपको किसी प्रक्रिया में दीक्षा लेनी चाहिए जो काम करे।,True,
hi_sadhguru_inner_mgmt_0001.wav,hi_sadhguru_inner_mgmt,hi-IN,hi-IN,,1,0.0,6.4,यह सिर्फ इस पर निर्भर है कि हम अपने आसपास के माहौल को और खुद को कितनी अच्छी तरह से मैनेज करते हैं।,True,
hi_sadhguru_inner_mgmt_0002.wav,hi_sadhguru_inner_mgmt,hi-IN,hi-IN,,1,0.0,5.7,"अगर आप नहीं जानते कि अपने शरीर, मन, भावनाओं और परिस्थितियों को कैसे मैनेज करना है,",True,
hi_sadhguru_inner_mgmt_0003.wav,hi_sadhguru_inner_mgmt,hi-IN,hi-IN,,1,0.0,4.2,"घर, समुदाय, राष्ट्र और दुनिया को कैसे संभालना है?",True,
hi_sadhguru_inner_mgmt_0004.wav,hi_sadhguru_inner_mgmt,hi-IN,hi-IN,,1,0.0,4.5,हमारे जीवन की गुणवत्ता इस पर निर्भर करती है कि हम चीजों को कैसे मैनेज करते हैं।,True,
hi_sadhguru_inner_mgmt_0005.wav,hi_sadhguru_inner_mgmt,hi-IN,hi-IN,,1,0.0,5.4,"आमतौर पर हम केवल आर्थिक मामलों को लेकर ही मैनेजमेंट की बात करते हैं, पूरे जीवन को लेकर नहीं।",True,
hi_sadhguru_inner_mgmt_0006.wav,hi_sadhguru_inner_mgmt,hi-IN,hi-IN,,1,0.0,8.0,"तो कुछ ऐसा जिसके लिए आपने काम किया, जिसकी आपने हमेशा लालसा की, जिसे आप अपने जीवन में पाना चाहते थे, जब वो होता है।",True,
hi_sadhguru_inner_mgmt_0007.wav,hi_sadhguru_inner_mgmt,hi-IN,hi-IN,,1,0.0,4.6,"क्योंकि आपने अपने जीवन में जो कुछ भी किया, वो सब खुशी की तलाश में था, है ना?",True,
hi_sadhguru_inner_mgmt_0008.wav,hi_sadhguru_inner_mgmt,hi-IN,hi-IN,,1,0.0,9.2,"आप जीवन में जो कुछ भी कर रहे हैं, वो इसलिए कर रहे हैं क्योंकि आपको लगता है कि वही आपकी खुशी है। आप खुद को शिक्षित करते हैं, करियर बनाते हैं, परिवार बनाते हैं।",True,
hi_sadhguru_inner_mgmt_0009.wav,hi_sadhguru_inner_mgmt,hi-IN,hi-IN,,1,0.0,8.0,"अपने सपनों के पीछे भागते हैं, आप कई चीजें करते हैं क्योंकि कहीं ना कहीं आपको लगता है कि उन चीजों को पूरा करने से आपको खुशी मिलेगी।",True,
hi_sadhguru_inner_mgmt_0010.wav,hi_sadhguru_inner_mgmt,hi-IN,hi-IN,,1,0.0,4.7,"अगर वो बाहरी परिस्थितियों को संभाल रहा है, तो वो उन्हें केवल संयोग से संभाल रहा है।",True,
hi_sadhguru_inner_mgmt_0011.wav,hi_sadhguru_inner_mgmt,hi-IN,hi-IN,,1,0.0,6.6,"क्योंकि अगर आप नहीं जानते कि अपने मन को कैसे संभालें, अपनी ऊर्जाओं को कैसे संभालें, अपनी आंतरिकता को कैसे संभालें,",True,
hi_sadhguru_inner_mgmt_0012.wav,hi_sadhguru_inner_mgmt,hi-IN,hi-IN,,1,0.0,9.6,"तो आप एक संभावित आपदा होते हैं। जब आप एक संभावित आपदा बनकर जीते हैं, तो हर समय चिंतित रहना जीवन का स्वाभाविक हिस्सा बन जाता है।",True,
hi_sadhguru_inner_mgmt_0013.wav,hi_sadhguru_inner_mgmt,hi-IN,hi-IN,,1,0.0,4.6,"जहां भी मैं जाता था, लोग स्ट्रेस मैनेजमेंट की ही बात करते, मैं समझ नहीं पाया।",True,
hi_sadhguru_inner_mgmt_0014.wav,hi_sadhguru_inner_mgmt,hi-IN,hi-IN,,1,0.0,9.0,"मैं समझ सकता हूं कि आप अपने बिज़नेस, फाइनेंस, परिवार, संपत्ति या जो भी है, उसे मैनेज करना चाहते हैं, लेकिन आप अपने तनाव को क्यों मैनेज करना चाहते हैं?",True,
hi_sadhguru_inner_mgmt_0015.wav,hi_sadhguru_inner_mgmt,hi-IN,hi-IN,,1,0.0,5.8,मुझे ये समझने में थोड़ा समय लगा कि ये लोग इस नतीजे पर पहुंच गए हैं कि जीने का और कोई तरीका नहीं है।,True,
hi_sadhguru_inner_mgmt_0016.wav,hi_sadhguru_inner_mgmt,hi-IN,hi-IN,,1,0.0,5.5,किसी तरह लोग इस नतीजे पर पहुंच गए हैं कि अगर आप दुनिया में कुछ करते हैं तो आप तनावग्रस्त होंगे ही।,True,
hi_sadhguru_inner_mgmt_0017.wav,hi_sadhguru_inner_mgmt,hi-IN,hi-IN,,1,0.0,4.4,वह नहीं जानता कि अपने सिस्टम को कैसे मैनेज करना है। इसीलिए वह तनावपूर्ण है।,True,
hi_sadhguru_inner_mgmt_0018.wav,hi_sadhguru_inner_mgmt,hi-IN,hi-IN,,1,0.0,9.9,"आप किसी चपरासी से पूछें, वो भी तनाव में है। शीर्ष अधिकारी से पूछें, वो भी तनाव में है। हर कोई मानता है कि उसका काम तनावपूर्ण है। कोई काम तनावपूर्ण नहीं है।",True,
hi_sadhguru_inner_mgmt_0019.wav,hi_sadhguru_inner_mgmt,hi-IN,hi-IN,,1,0.0,6.2,"अगर आपका अपने सिस्टम पर नियंत्रण नहीं है, तो आप तनावपूर्ण होंगे, चाहे आप कुछ करें या ना करें, ऐसा ही है ना?",True,
hi_sadhguru_inner_mgmt_0020.wav,hi_sadhguru_inner_mgmt,hi-IN,hi-IN,,1,0.0,4.6,मूल रूप से मैनेजमेंट का मतलब है कि हम अपनी नियति खुद तय करना चाहते हैं।,True,
hi_sadhguru_inner_mgmt_0021.wav,hi_sadhguru_inner_mgmt,hi-IN,hi-IN,,1,0.0,6.9,"हम यहां सहयोग से नहीं जीना चाहते। हम अपने जीवन को वहां ले जाना चाहते हैं जहां हम चाहते हैं, यही मैनेजमेंट है, है कि नहीं?",True,
hi_sadhguru_inner_mgmt_0022.wav,hi_sadhguru_inner_mgmt,hi-IN,hi-IN,,1,0.0,5.1,"अगर आप संयोग से मैनेज कर रहे हैं, तो आप मैनेजर नहीं हैं। आपके बिना चीजें बेहतर चलेंगी।",True,
hi_sadhguru_inner_mgmt_0023.wav,hi_sadhguru_inner_mgmt,hi-IN,hi-IN,,1,0.0,9.7,"तो जब आप कहते हैं, मैं मैनेजर हूं, यानी कहीं ना कहीं आपने तय कर लिया है कि आप एक खास तरीके से बढ़ना चाहते हैं, आप एक खास माहौल चाहते हैं, अंदर और बाहर दोनों जगह।",True,
hi_sadhguru_inner_mgmt_0024.wav,hi_sadhguru_inner_mgmt,hi-IN,hi-IN,,1,0.0,7.9,"चाहे आप एक रसोई मैनेज करते हों, जहां आप चार लोगों के लिए खाना बनाते हैं या कोई बड़ा उद्योग मैनेज करते हैं जहां 10000 लोग काम करते हैं।",True,
hi_sadhguru_inner_mgmt_0025.wav,hi_sadhguru_inner_mgmt,hi-IN,hi-IN,,1,0.0,5.2,"अगर आप एक अच्छी रसोई या अच्छा उद्योग चाहते हैं, तो आपको उस स्थिति का अच्छा मैनेजर होना होगा, है ना?",True,
hi_sadhguru_inner_mgmt_0026.wav,hi_sadhguru_inner_mgmt,hi-IN,hi-IN,,1,0.0,12.3,"तो आमतौर पर आपको अपने आसपास की भौतिक चीजों और लोगों को मैनेज करना होगा। अगर आपको अपने आसपास के 10 लोग या 10000 लोगों को मैनेज करना है, तो आपको 10 दिमागों या 10000 दिमागों को मैनेज करना होगा।",True,
hi_sadhguru_inner_mgmt_0027.wav,hi_sadhguru_inner_mgmt,hi-IN,hi-IN,,1,0.0,4.6,"क्योंकि आखिरकार हम जो भी मैनेजमेंट करते हैं, वो केवल मानव खुशहाली के लिए है।",True,
hi_sadhguru_inner_mgmt_0028.wav,hi_sadhguru_inner_mgmt,hi-IN,hi-IN,,1,0.0,4.9,आपको और आपके साथ काम करने वाले लोगों को अपनी पूरी क्षमता तक जाना चाहिए।,True,
hi_sadhguru_inner_mgmt_0029.wav,hi_sadhguru_inner_mgmt,hi-IN,hi-IN,,1,0.0,4.4,"जब मैं पूरी क्षमता तक जाना कहता हूं, तो सिर्फ काम करने की क्षमता नहीं,",True,
hi_sadhguru_inner_mgmt_0030.wav,hi_sadhguru_inner_mgmt,hi-IN,hi-IN,,1,0.0,4.9,बल्कि मनुष्य के रूप में उन्हें अपनी पूरी क्षमता तक बढ़ने में सक्षम होना चाहिए।,True,
hi_sadhguru_inner_mgmt_0031.wav,hi_sadhguru_inner_mgmt,hi-IN,hi-IN,,1,0.0,6.6,"तो उन्हें अपने भीतर प्रेम, शांति, करुणा के शिखर तक पहुंचने में सक्षम होना चाहिए।",True,
hi_sadhguru_inner_mgmt_0032.wav,hi_sadhguru_inner_mgmt,hi-IN,hi-IN,,1,0.0,4.7,"अगर वैसा नहीं हो रहा है, आप बस कुछ उत्पादन कर रहे हैं और थोड़ा लाभ कमा रहे हैं।",True,
hi_sadhguru_inner_mgmt_0033.wav,hi_sadhguru_inner_mgmt,hi-IN,hi-IN,,1,0.0,6.0,"फिर वो थोड़ा इधर-उधर घूमता रहा, कुछ और जानवरों को पकड़ा, सब डर के यही बोले, आप ही जंगल के राजा हैं।",True,
hi_sadhguru_inner_mgmt_0034.wav,hi_sadhguru_inner_mgmt,hi-IN,hi-IN,,1,0.0,4.2,"वह गया, उसके सामने खड़ा हो गया और पूछा, जंगल का राजा कौन है?",True,
hi_sadhguru_inner_mgmt_0035.wav,hi_sadhguru_inner_mgmt,hi-IN,hi-IN,,1,0.0,5.0,ज़्यादातर लोग आमतौर पर सोचते हैं कि मैनेजमेंट यानी बस अपना रॉब दिखाना है।,True,
hi_sadhguru_inner_mgmt_0036.wav,hi_sadhguru_inner_mgmt,hi-IN,hi-IN,,1,0.0,7.0,तो वहां सिर्फ काम ही ना हो बल्कि लोग उन्नति महसूस करें। सिर्फ उस जगह पर होने से वरना यह मैनेजमेंट नहीं है।,True,
hi_sadhguru_inner_mgmt_0037.wav,hi_sadhguru_inner_mgmt,hi-IN,hi-IN,,1,0.0,5.6,"अगर आप किसी जगह जाते हैं और किसी स्थिति को संभालते हैं, तो आपको वहां शानदार महसूस होना चाहिए।",True,
hi_sadhguru_inner_mgmt_0038.wav,hi_sadhguru_inner_mgmt,hi-IN,hi-IN,,1,0.0,5.4,"तो अगर ऐसा होना है, तो आपको आंतरिक आयाम की ज़रूरत है। जब मैं आंतरिक आयाम कहता हूँ,",True,
hi_sadhguru_inner_mgmt_0039.wav,hi_sadhguru_inner_mgmt,hi-IN,hi-IN,,1,0.0,4.7,"जब मैं आंतरिक कहता हूं, तो मैं सिर्फ शरीर या मन की बात नहीं कर रहा हूं।",True,
hi_sadhguru_inner_mgmt_0040.wav,hi_sadhguru_inner_mgmt,hi-IN,hi-IN,,1,0.0,5.2,"क्योंकि शरीर और मन दोनों ही आपने एक तरह से बाहर से इकट्ठा किए हैं, है ना?",True,
hi_sadhguru_inner_mgmt_0041.wav,hi_sadhguru_inner_mgmt,hi-IN,hi-IN,,1,0.0,4.7,"जिसे आप मेरा शरीर कहते हैं, वो असल में भोजन का एक ढेर है जो आपने इकट्ठा किया है।",True,
hi_sadhguru_inner_mgmt_0042.wav,hi_sadhguru_inner_mgmt,hi-IN,hi-IN,,1,0.0,4.3,तो यह शरीर भोजन का एक ढेर है जिसे आपने समय के साथ इकट्ठा किया है।,True,
hi_sadhguru_inner_mgmt_0043.wav,hi_sadhguru_inner_mgmt,hi-IN,hi-IN,,1,0.0,4.8,"जिसे आप मेरा मन कहते हैं, वो छापों का ढेर है जिसे आपने बाहर से इकट्ठा किया है।",True,
hi_sadhguru_inner_mgmt_0044.wav,hi_sadhguru_inner_mgmt,hi-IN,hi-IN,,1,0.0,4.9,"आप बस इन दो ढेरों में खोए हुए हैं, इन्हीं से कुछ अर्थ निकालने की कोशिश कर रहे हैं।",True,
hi_sadhguru_inner_mgmt_0045.wav,hi_sadhguru_inner_mgmt,hi-IN,hi-IN,,1,0.0,6.6,बात बस इतनी है कि ज़्यादातर समय हमने इसे वैज्ञानिक रूप से नहीं देखा। हमने बस ये मान लिया कि,True,
hi_sadhguru_inner_mgmt_0046.wav,hi_sadhguru_inner_mgmt,hi-IN,hi-IN,,1,0.0,4.5,अभी लोग सोच रहे हैं कि खुद को शिक्षित करके वो हमेशा खुश रहेंगे।,True,
hi_sadhguru_inner_mgmt_0047.wav,hi_sadhguru_inner_mgmt,hi-IN,hi-IN,,1,0.0,8.4,"पैसा कमा कर आपको लगता है कि आप हमेशा खुश रहेंगे, लेकिन पता चलेगा कि ऐसा नहीं है। कोई सोचता है कि शादी करके वो हमेशा खुश रहेंगे।",True,
hi_sadhguru_inner_mgmt_0048.wav,hi_sadhguru_inner_mgmt,hi-IN,hi-IN,,1,0.0,4.1,"आप मानते हैं कि कोई और चीज़, कोई और चमत्कार सब ठीक कर देगा।",True,
hi_sadhguru_inner_mgmt_0049.wav,hi_sadhguru_inner_mgmt,hi-IN,hi-IN,,1,0.0,4.2,फिर तीतर ने खेत की मेड़ पर खड़े एक विशाल पेड़ को देखा।,True,
hi_sadhguru_inner_mgmt_0050.wav,hi_sadhguru_inner_mgmt,hi-IN,hi-IN,,1,0.0,4.5,"ओह, एक समय था जब मैं पेड़ की सबसे ऊंची डाल तक उड़ जाती थी।",True,
hi_sadhguru_inner_mgmt_0052.wav,hi_sadhguru_inner_mgmt,hi-IN,hi-IN,,1,0.0,5.4,"वह बस ऊंची शाखा पर जाकर बैठ गया और बस नज़ारे को देख रहा था, उसका आनंद ले रहा था।",True,
hi_sadhguru_inner_mgmt_0053.wav,hi_sadhguru_inner_mgmt,hi-IN,hi-IN,,1,0.0,4.6,"गोबर भी आपको शिखर तक पहुंचा सकता है, लेकिन आपको कभी वहां रहने नहीं देता।",True,
hi_sadhguru_inner_mgmt_0054.wav,hi_sadhguru_inner_mgmt,hi-IN,hi-IN,,1,0.0,4.2,"अगर आप अपने भीतर आनंद, शांति और खुशहाली का जीवन खोज रहे हैं,",True,
hi_sadhguru_inner_mgmt_0055.wav,hi_sadhguru_inner_mgmt,hi-IN,hi-IN,,1,0.0,12.15,"अब जब आप मैनेजर हैं या मैनेजर बनने वाले हैं, तो मुझे उम्मीद है कि निश्चित रूप से उन्होंने आपको सिखाया होगा कि जब तक आप सही चीजें नहीं करते, यह बाहरी दुनिया में काम नहीं करता। यही बात अंदर के साथ भी लागू होती है।",True,
hi_sadhguru_inner_mgmt_0056.wav,hi_sadhguru_inner_mgmt,hi-IN,hi-IN,,1,0.0,12.15,"जब तक आप सही चीजें नहीं करते, यह बिल्कुल काम नहीं करता। आप खुद को यह मानने के लिए झांसा दे सकते हैं कि यह मुझे ठीक कर देगा, वह मुझे ठीक कर देगा। हां, एक क्षण के लिए, लेकिन अगले ही क्षण आप गिर पड़ते हैं। कृपया देखें।",True,
hi_sadhguru_inner_mgmt_0057.wav,hi_sadhguru_inner_mgmt,hi-IN,hi-IN,,1,0.0,7.4,"बस उनके जीवन को देखें और गौर करें। 24 घंटे में से कितने पल वो वास्तव में आनंदमय होते हैं, कितने? आप सड़क पर जाकर देखें।",True,
hi_sadhguru_inner_mgmt_0059.wav,hi_sadhguru_inner_mgmt,hi-IN,hi-IN,,1,0.0,4.5,उनमें से अधिकांश के लिए उनका जीवन उनकी कल्पना से कहीं बेहतर उभर आया है।,True,
hi_sadhguru_inner_mgmt_0060.wav,hi_sadhguru_inner_mgmt,hi-IN,hi-IN,,1,0.0,9.7,"अगर आप खुद को एक पीढ़ी के रूप में देखें, तो इससे पहले लोगों की कोई दूसरी पीढ़ी कभी इतनी आरामदेह और भौतिक रूप से इतनी अच्छी नहीं रही है जितने अभी आप हैं, है ना?",True,
hi_sadhguru_inner_mgmt_0061.wav,hi_sadhguru_inner_mgmt,hi-IN,hi-IN,,1,0.0,9.7,हम सबसे ज़्यादा आरामदेह पीढ़ी हैं। किसी दूसरी पीढ़ी ने इस तरह के आराम और सुविधाओं को नहीं जाना है। लेकिन फिर भी क्या हम उन लोगों की तुलना में अधिक खुश हैं जो पहले थे?,True,
hi_sadhguru_inner_mgmt_0062.wav,hi_sadhguru_inner_mgmt,hi-IN,hi-IN,,1,0.0,10.4,"हमने केवल बाहरी मैनेजमेंट किया। कोई आंतरिक मैनेजमेंट नहीं किया। हम जो चाहते हैं, उसे बनाने की प्रक्रिया में हम अपने जीवन के मूल स्त्रोत इस धरती को ही नष्ट कर रहे हैं, है ना?",True,
hi_sadhguru_inner_mgmt_0063.wav,hi_sadhguru_inner_mgmt,hi-IN,hi-IN,,1,0.0,4.0,"अंदर की ओर मुड़ने की कभी कोशिश नहीं की। इसकी वजह यह है,",True,
hi_sadhguru_inner_mgmt_0064.wav,hi_sadhguru_inner_mgmt,hi-IN,hi-IN,,1,0.0,8.8,"उन्होंने आध्यात्मिकता को इतने भयानक तरीकों से, हास्यास्पद तरीकों से पेश किया है कि कोई भी समझदार व्यक्ति इसके आसपास भी नहीं जाना चाहता।",True,
hi_sadhguru_inner_mgmt_0065.wav,hi_sadhguru_inner_mgmt,hi-IN,hi-IN,,1,0.0,11.5,"क्योंकि इससे फर्क नहीं पड़ता कि आप कौन हैं, आप कितने शक्तिशाली हैं, आप कितने अच्छे मैनेजर हैं। बाहरी परिस्थितियां कभी भी 100% आपके नियंत्रण में नहीं होंगी। यही जीवन की प्रकृति है।",True,
hi_sadhguru_inner_mgmt_0067.wav,hi_sadhguru_inner_mgmt,hi-IN,hi-IN,,1,0.0,5.4,"जब कोई व्यक्ति भौतिक से परे आयाम को अपने भीतर अनुभव करना शुरू करता है,",True,
hi_sadhguru_inner_mgmt_0068.wav,hi_sadhguru_inner_mgmt,hi-IN,hi-IN,,1,0.0,11.5,"वह भौतिक दुनिया के साथ जैसे चाहे खेल सकता है। वह बाहरी दुनिया के साथ जो सर्वश्रेष्ठ कर सकता है, उसे करता है, लेकिन आंतरिकता अबाधित रहती है, हमेशा वैसी जैसी आप चाहते हैं।",True,
hi_sadhguru_inner_mgmt_0069.wav,hi_sadhguru_inner_mgmt,hi-IN,hi-IN,,1,0.0,4.1,"कम से कम आंतरिक दुनिया तो वैसे चलनी चाहिए जैसे हम चाहते हैं, क्या ऐसा नहीं है?",True,
hi_sadhguru_inner_mgmt_0070.wav,hi_sadhguru_inner_mgmt,hi-IN,hi-IN,,1,0.0,5.5,बाहरी दुनिया कभी 100% उस तरह नहीं चलेगी जैसे हम चाहते हैं। यही जीवन की सच्चाई है।,True,
hi_sadhguru_inner_mgmt_0071.wav,hi_sadhguru_inner_mgmt,hi-IN,hi-IN,,1,0.0,11.8,"लेकिन कम से कम इसे तो वैसा चलना चाहिए जैसे हम चाहते हैं। अगर यह भी वैसे नहीं चल रहा जैसे आप चाहते हैं, अगर आपका शरीर, आपका मन, आपकी भावनाएं, आपकी ऊर्जाएं उस तरह काम नहीं कर रही हैं जैसे आप चाहते हैं,",True,
hi_sadhguru_inner_mgmt_0072.wav,hi_sadhguru_inner_mgmt,hi-IN,hi-IN,,1,0.0,5.6,"तो, यह सबसे खराब तरह की गुलामी है क्योंकि कोई दूसरा तय करता है कि आपके अंदर क्या होना चाहिए।",True,
hi_sadhguru_inner_mgmt_0073.wav,hi_sadhguru_inner_mgmt,hi-IN,hi-IN,,1,0.0,5.0,"अगर कोई ये तय करता है कि आपके आसपास क्या होना चाहिए, तो उसे ही आप गुलामी कहते हैं।",True,
hi_sadhguru_inner_mgmt_0074.wav,hi_sadhguru_inner_mgmt,hi-IN,hi-IN,,1,0.0,6.0,"लेकिन अगर कोई ये तय करता है कि आपके अंदर क्या होना चाहिए, तो क्या ये गुलाम होने का ज़्यादा भयानक तरीका नहीं है?",True,
hi_sadhguru_inner_mgmt_0075.wav,hi_sadhguru_inner_mgmt,hi-IN,hi-IN,,1,0.0,4.6,"तो आप बिज़नेस को मैनेज कर सकते हैं, आप उद्योग को मैनेज कर सकते हैं, लेकिन फिर भी",True,
hi_sadhguru_inner_mgmt_0076.wav,hi_sadhguru_inner_mgmt,hi-IN,hi-IN,,1,0.0,11.0,"अगर आप तृप्ति और खुशहाली का जीवन जीना चाहते हैं और अपने आसपास के लोगों को भी वही देना चाहते हैं, तो आपके लिए यह जानना बेहद महत्वपूर्ण है कि अपनी आंतरिकता को मैनेज करने का क्या मतलब है।",True,
hi_sadhguru_inner_mgmt_0077.wav,hi_sadhguru_inner_mgmt,hi-IN,hi-IN,,1,0.0,5.5,यह अपनी शिक्षा के कम से कम एक बड़े चरण से बाहर निकलते हुए कैसा महसूस कर रहे हैं?,True,
hi_sadhguru_inner_mgmt_0078.wav,hi_sadhguru_inner_mgmt,hi-IN,hi-IN,,1,0.0,6.0,तो मैं एक बात साफ तौर पर देख सकता था कि वो जो कुछ भी कह रहे थे उसके उनके लिए कोई मायने नहीं थे।,True,
hi_sadhguru_inner_mgmt_0079.wav,hi_sadhguru_inner_mgmt,hi-IN,hi-IN,,1,0.0,6.4,क्योंकि मैं कहीं ना कहीं मेरे दिन का एजेंडा बहुत सारी चीजों से भरा होता था। 24 घंटे में बहुत सी चीजें होती थीं।,True,
hi_sadhguru_inner_mgmt_0080.wav,hi_sadhguru_inner_mgmt,hi-IN,hi-IN,,1,0.0,8.7,मैं किसी ऐसे व्यक्ति की बात सुनने में 1 घंटा या 5 मिनट भी खर्च करने को तैयार नहीं हूं जो कुछ ऐसा कह रहा हो जिसका उसके लिए कोई मायने ना हो।,True,
hi_sadhguru_inner_mgmt_0081.wav,hi_sadhguru_inner_mgmt,hi-IN,hi-IN,,1,0.0,11.6,"भले ही वो बकवास कर रहा हो, उससे फर्क नहीं पड़ता। अगर वो उसके लिए कुछ मायने रखता है, तो मैं उसे सुनने को तैयार हूं। लेकिन अगर वो ऐसी महान बातें कर रहा है जिनका उसके लिए कोई मायने नहीं है, तो मैं उसकी बात सुनने को तैयार नहीं हूं।",True,
hi_sadhguru_inner_mgmt_0082.wav,hi_sadhguru_inner_mgmt,hi-IN,hi-IN,,1,0.0,6.8,"यहां के कुछ लोगों से बार-बार कह रहा हूं, मुझे ये देखकर खुशी हुई कि कोई व्यक्ति अपने काम के बारे में जुनून के साथ बात कर रहा है।",True,
hi_sadhguru_inner_mgmt_0083.wav,hi_sadhguru_inner_mgmt,hi-IN,hi-IN,,1,0.0,5.6,"कोई, इससे फर्क नहीं पड़ता कि वो जो कर रहे हैं वो सही है, गलत है, ठीक है, परफेक्ट है या नहीं।",True,
hi_sadhguru_inner_mgmt_0084.wav,hi_sadhguru_inner_mgmt,hi-IN,hi-IN,,1,0.0,6.5,"किसी ने इसमें अपना दिल लगाया है, यह ठीक है। क्योंकि मानव जीवन इसलिए सुंदर नहीं बनता क्योंकि हम सही चीजें करते हैं।",True,
hi_sadhguru_inner_mgmt_0085.wav,hi_sadhguru_inner_mgmt,hi-IN,hi-IN,,1,0.0,4.8,मानव जीवन सुंदर इसलिए बनता है क्योंकि हम जो कर रहे हैं उसमें अपना दिल लगाते हैं।,True,
hi_sadhguru_inner_mgmt_0086.wav,hi_sadhguru_inner_mgmt,hi-IN,hi-IN,,1,0.0,10.9,"इससे फर्क नहीं पड़ता कि हम क्या कर रहे हैं, चाहे हम फर्श साफ कर रहे हों या देश को मैनेज कर रहे हों या हम जो भी कर रहे हों। हम जो कर रहे हैं उसमें अगर अपना दिल लगा रहे हैं, तो वो गतिविधि करना शानदार है।",True,
hi_sadhguru_inner_mgmt_0087.wav,hi_sadhguru_inner_mgmt,hi-IN,hi-IN,,1,0.0,5.8,कि मैंने अभी कुछ लोगों को देखा है। मुझे उम्मीद है कि यहां हर कोई उसमें अपना दिल लगा रहा है जो वो कर रहा है।,True,
hi_sadhguru_inner_mgmt_0088.wav,hi_sadhguru_inner_mgmt,hi-IN,hi-IN,,1,0.0,4.2,"अपने काम के प्रति जुनून है, अपने आप में बहुत समृद्ध करने वाला है।",True,
hi_sadhguru_inner_mgmt_0089.wav,hi_sadhguru_inner_mgmt,hi-IN,hi-IN,,1,0.0,12.3,"तो ऐसा नहीं है कि आप नहीं जानते, लेकिन खैर, दुनिया में आप अब एक अलग आयाम में कदम रख रहे हैं, जो अब तक आप जैसे रहे उससे अलग है। एक बार जब आप दुनिया में कदम रखते हैं, तो बहुत सारी गंदगी मौजूद होने वाली है।",True,
hi_sadhguru_inner_mgmt_0090.wav,hi_sadhguru_inner_mgmt,hi-IN,hi-IN,,1,0.0,4.3,"भ्रष्टाचार है, बकवास है। हर जगह बहुत सारी चीजें हो रही हैं।",True,
hi_sadhguru_inner_mgmt_0091.wav,hi_sadhguru_inner_mgmt,hi-IN,hi-IN,,1,0.0,7.1,"लेकिन हम गंदगी से बच नहीं सकते, ये मौजूद है। सारी बकवास जो दुनिया में हो सकती है, वो आप अपने दिमाग में जानते हैं, है ना?",True,
hi_sadhguru_inner_mgmt_0092.wav,hi_sadhguru_inner_mgmt,hi-IN,hi-IN,,1,0.0,6.1,तो लोगों का एक वर्ग एलर्जी विकसित कर लेता है और भागने की कोशिश करता है जो वो वाकई कभी नहीं कर सकते।,True,
hi_sadhguru_inner_mgmt_0093.wav,hi_sadhguru_inner_mgmt,hi-IN,hi-IN,,1,0.0,5.3,अपनी खुद की फिलॉसफी बना लेता है। वैसे भी दुनिया गंदगी से भरी है।,True,
hi_sadhguru_inner_mgmt_0094.wav,hi_sadhguru_inner_mgmt,hi-IN,hi-IN,,1,0.0,4.6,भारतीय आध्यात्मिकता ने हमेशा कमल को प्रतीक के रूप में इस्तेमाल किया है।,True,
hi_sadhguru_inner_mgmt_0095.wav,hi_sadhguru_inner_mgmt,hi-IN,hi-IN,,1,0.0,4.2,कमल का फूल हमेशा भारतीय आध्यात्मिकता के लिए मुख्य प्रतीक रहा है।,True,
hi_sadhguru_inner_mgmt_0096.wav,hi_sadhguru_inner_mgmt,hi-IN,hi-IN,,1,0.0,5.3,"हम जिस माहौल में रहते हैं, अगर हम उसका निर्माण करते हैं, सिर्फ तभी हम खुद को मैनेजर कह सकते हैं।",True,
hi_sadhguru_inner_mgmt_0097.wav,hi_sadhguru_inner_mgmt,hi-IN,hi-IN,,1,0.0,4.0,आप जीवन के एक नए आयाम में कदम रख रहे हैं। एक्साइटमेंट है।,True,
hi_sadhguru_inner_mgmt_0098.wav,hi_sadhguru_inner_mgmt,hi-IN,hi-IN,,1,0.0,6.6,और किसी नई चीज में कदम रखना हमेशा सुंदर होता है जिसके बारे में आपको लगता है कि वो शानदार होने जा रही है।,True,
hi_sadhguru_inner_mgmt_0099.wav,hi_sadhguru_inner_mgmt,hi-IN,hi-IN,,1,0.0,4.8,"वो ब्लड प्रेशर, डायबिटीज, अल्सर और क्या-क्या नहीं पैदा कर रहे हैं?",True,
hi_sadhguru_inner_mgmt_0101.wav,hi_sadhguru_inner_mgmt,hi-IN,hi-IN,,1,0.0,16.9,ऐसा सिर्फ इसलिए है क्योंकि हमने खुद पर पर्याप्त ध्यान नहीं दिया है। हमने उस पर बहुत अधिक ध्यान दिया है जो बाहर है। दुनिया में सफल होने के लिए लोग हमेशा सोचते हैं कि महान आकांक्षाएं आपको सफल बना देंगी।,True,
hi_sadhguru_inner_mgmt_0102.wav,hi_sadhguru_inner_mgmt,hi-IN,hi-IN,,1,0.0,7.0,"समृद्धि की आकांक्षा रखते हैं, बस इसलिए कि आप खुशहाली की आकांक्षा रखते हैं, तो यह आपको मिलेगी ऐसा नहीं है।",True,
hi_sadhguru_inner_mgmt_0103.wav,hi_sadhguru_inner_mgmt,hi-IN,hi-IN,,1,0.0,6.8,"सफलता, समृद्धि और खुशहाली इसलिए आती है क्योंकि आपने खुद को उन चीजों को बनाने के काबिल बनाया है।",True,
hi_sadhguru_inner_mgmt_0105.wav,hi_sadhguru_inner_mgmt,hi-IN,hi-IN,,1,0.0,5.2,एक इंसान के तौर पर खुद को इस योग्य बनाना कि आप परिस्थितियों से अछूते गुजर सकें।,True,
hi_sadhguru_inner_mgmt_0107.wav,hi_sadhguru_inner_mgmt,hi-IN,hi-IN,,1,0.0,5.8,कि एक संस्था ने आपको आंतरिक रूप से लैस करने का प्रयास किया है जिस हद तक उनके लिए संभव था।,True,
hi_sadhguru_inner_mgmt_0108.wav,hi_sadhguru_inner_mgmt,hi-IN,hi-IN,,1,0.0,6.8,"निश्चित रूप से इस दुनिया, इस देश और समुदायों को अब तक किए गए तरीके से कहीं बेहतर मैनेज करेंगे।",True,
hi_sadhguru_inner_mgmt_0109.wav,hi_sadhguru_inner_mgmt,hi-IN,hi-IN,,1,0.0,5.2,"अगर लोग खुद को पूरी तरह से उस काम में लगा दें जो वो कर रहे हैं, तो चीजें घटित होंगी।",True,
hi_sadhguru_inner_mgmt_0110.wav,hi_sadhguru_inner_mgmt,hi-IN,hi-IN,,1,0.0,5.3,"वहां ईशा फाउंडेशन में जो हो रहा है, उसे देखने के बाद वो हमसे इसी तरह से जुड़ें।",True,
hi_sadhguru_inner_mgmt_0111.wav,hi_sadhguru_inner_mgmt,hi-IN,hi-IN,,1,0.0,11.6,"कि अविश्वसनीय चीजें की जा सकती हैं, इसलिए नहीं कि हम जानते हैं कि इसे कैसे करना है। अविश्वसनीय चीजें सिर्फ इसलिए की जा सकती हैं क्योंकि हम प्रतिबद्ध हैं कि हम इसे करना चाहते हैं, बस इतना ही।",True,
hi_sadhguru_inner_mgmt_0112.wav,hi_sadhguru_inner_mgmt,hi-IN,hi-IN,,1,0.0,6.5,यह दुनिया भर में 2 लाख से ज़्यादा सक्रिय स्वयंसेवकों के साथ एक स्वयंसेवी संगठन बन गया है।,True,
hi_sadhguru_inner_mgmt_0113.wav,hi_sadhguru_inner_mgmt,hi-IN,hi-IN,,1,0.0,4.7,और हमने सामाजिक रूप से महत्वपूर्ण बहुत बड़ी परियोजनाएं ली हैं।,True,
hi_sadhguru_inner_mgmt_0114.wav,hi_sadhguru_inner_mgmt,hi-IN,hi-IN,,1,0.0,10.6,यह सारी चीजें स्वयं सेवकों द्वारा संभाली जाती हैं। उन्हें इसके लिए कोई भुगतान नहीं किया जाता है। वह अपनी जेब से खर्च करते हैं और काम करते हैं और आपको इन लोगों को मैनेज करना समझना होगा।,True,
hi_sadhguru_inner_mgmt_0117.wav,hi_sadhguru_inner_mgmt,hi-IN,hi-IN,,1,0.0,8.1,"तो जो लोग इन स्थितियों को संभालते हैं, वो बिना किसी योग्यता के बहुत युवा लोग हैं। वो लोगों के ज़बरदस्त मैनेजर हैं।",True,
hi_sadhguru_inner_mgmt_0118.wav,hi_sadhguru_inner_mgmt,hi-IN,hi-IN,,1,0.0,9.1,"जिस तरह से वो स्थितियों को संभालते हैं, जिस तरह से वो हजारों लोगों का संचालन करते हैं, उसने वहां के समुदाय में एक अनुकरणीय उदाहरण स्थापित किया है।",True,
hi_sadhguru_inner_mgmt_0119.wav,hi_sadhguru_inner_mgmt,hi-IN,hi-IN,,1,0.0,8.8,किसी दिन जब ये संभव होगा तो आप ईशा योग केंद्र में आएं और देखें कि कैसे चीजों को इतनी सरलता से मैनेज किया जाता है क्योंकि मैनेजमेंट यूं ही नहीं आता।,True,
hi_sadhguru_inner_mgmt_0120.wav,hi_sadhguru_inner_mgmt,hi-IN,hi-IN,,1,0.0,11.9,"मुझे पता है कि आपको फाइनेंस, बैंकिंग और इस तरह की चीजों के बारे में सीखने की जरूरत होती है, लेकिन मूल रूप से मैनेजमेंट आपकी वो क्षमता है जिससे आप लोगों को अपना सर्वश्रेष्ठ प्रदर्शन करने के लिए प्रेरित करते हैं।",True,
hi_sadhguru_inner_mgmt_0121.wav,hi_sadhguru_inner_mgmt,hi-IN,hi-IN,,1,0.0,5.3,"अगर हमारे आसपास हर कोई अपना सर्वश्रेष्ठ प्रदर्शन कर रहा है, तो ये सबसे अच्छा मैनेजमेंट हो सकता है।",True,
hi_sadhguru_inner_mgmt_0122.wav,hi_sadhguru_inner_mgmt,hi-IN,hi-IN,,1,0.0,12.5,तो यह हेरफेर से नहीं आने वाला है। यह सिर्फ समर्पण से आने वाला है। यह सिर्फ प्रेम से आने वाला है। यह सिर्फ इसलिए आने वाला है क्योंकि आप उस व्यक्ति को अपना 100% देने के लिए तैयार हैं जो उस पल आपके बगल में है।,True,
hi_sadhguru_inner_mgmt_0123.wav,hi_sadhguru_inner_mgmt,hi-IN,hi-IN,,1,0.0,6.7,क्या ये सब काल्पनिक नहीं है? क्या आपको लगता है कि ये कॉर्पोरेट क्षेत्र में असलियत बन सकता है? मैं आपको बता रहा हूं।,True,
hi_sadhguru_inner_mgmt_0124.wav,hi_sadhguru_inner_mgmt,hi-IN,hi-IN,,1,0.0,4.8,हम ग्रामीण क्षेत्रों में काम कर रहे हैं। हम दुनिया के प्रमुख कॉर्पोरेशंस के साथ काम कर रहे हैं।,True,
hi_sadhguru_inner_mgmt_0125.wav,hi_sadhguru_inner_mgmt,hi-IN,hi-IN,,1,0.0,7.8,"इससे कोई फर्क नहीं पड़ता कि आप किस तरह के व्यक्ति से मिलते हैं। अगर आप बस उसकी मानवता के मूल को छूना सीख लेते हैं,",True,
hi_sadhguru_inner_mgmt_0126.wav,hi_sadhguru_inner_mgmt,hi-IN,hi-IN,,1,0.0,5.4,तो आप देखेंगे कि हर इंसान हमेशा आपके लिए अपना सर्वश्रेष्ठ करने को तैयार रहता है।,True,
hi_sadhguru_inner_mgmt_0127.wav,hi_sadhguru_inner_mgmt,hi-IN,hi-IN,,1,0.0,5.1,"अगर आप उस इंसान की आंतरिकता को बस छूना सीख लेते हैं जो अभी आपके पास है,",True,
hi_sadhguru_inner_mgmt_0128.wav,hi_sadhguru_inner_mgmt,hi-IN,hi-IN,,1,0.0,4.6,तो आप देखेंगे कि हर कोई आपके लिए अपनी जान देने को तैयार है।,True,
hi_sadhguru_inner_mgmt_0129.wav,hi_sadhguru_inner_mgmt,hi-IN,hi-IN,,1,0.0,15.9,"जब आपके आसपास के लोग आपसे प्रेम करते हैं और वो आपके लिए सर्वश्रेष्ठ करना चाहते हैं, सिर्फ तभी आपको मैनेजमेंट करते समय अल्सर नहीं होगा। अगर आपके आसपास के लोग आपको नीचे खींचने की कोशिश कर रहे हैं, तो आपको वैसे भी स्थितियों को मैनेज करने की कोशिश में अल्सर हो जाएगा। क्या ऐसा नहीं है?",True,
hi_sadhguru_inner_mgmt_0130.wav,hi_sadhguru_inner_mgmt,hi-IN,hi-IN,,1,0.0,8.1,"अगर आप ऐसे लोगों का निर्माण नहीं करते जो हमें सचमुच प्रेम करते हैं और अपना सर्वश्रेष्ठ देना चाहते हैं, तब मैनेजमेंट तकलीफ दे होगा।",True,
hi_sadhguru_inner_mgmt_0132.wav,hi_sadhguru_inner_mgmt,hi-IN,hi-IN,,1,0.0,7.2,हमारा जीवन सुंदर इसलिए होता है क्योंकि हमने अपने आसपास के हर किसी को अपने खुशहाली के सपने का हिस्सा बना लिया है।,True,
hi_sadhguru_inner_mgmt_0133.wav,hi_sadhguru_inner_mgmt,hi-IN,hi-IN,,1,0.0,6.6,तो हम हमेशा आपके लिए उपलब्ध हैं। इस संस्थान में आकर मुझे बहुत खुशी हुई। मैं कई कॉलेजों में गया हूं। लोग एक जैसे ही हैं।,True,
hi_sadhguru_inner_mgmt_0134.wav,hi_sadhguru_inner_mgmt,hi-IN,hi-IN,,1,0.0,4.1,आंतरिक खुशहाली के लिए प्रतिबद्धता की भावना के साथ संस्थान बनाना।,True,
hi_sadhguru_karma_0003.wav,hi_sadhguru_karma,hi-IN,hi-IN,,1,0.0,6.2,"देखिए, सारे प्रभाव, कर्म के चाहे जो भी प्रभाव हों, वो सब जीवन की सरल प्रक्रिया के साथ कट रहे हैं।",True,
hi_sadhguru_karma_0005.wav,hi_sadhguru_karma,hi-IN,hi-IN,,1,0.0,7.8,"अगर आप खुद को फ़ास्ट फॉरवर्ड पर रखते हैं, तो हमें आपके जीवन को कुछ ख़ास तरीक़ों से सुरक्षित भी करना होगा। क्योंकि अगर प्रारब्ध ख़त्म हो गया,",True,
hi_sadhguru_karma_0006.wav,hi_sadhguru_karma,hi-IN,hi-IN,,1,0.0,4.0,तो आपके अंदर का जीवन सोचेगा कि उसका कार्यकाल खत्म हो गया है।,True,
hi_sadhguru_karma_0007.wav,hi_sadhguru_karma,hi-IN,hi-IN,,1,0.0,5.4,"बहुत तेज, बहुत तीव्र। आपने जीवन में कभी वैसा दुख नहीं जाना होगा। यह ऐसे गुज़रेगा।",True,
hi_sadhguru_karma_0008.wav,hi_sadhguru_karma,hi-IN,hi-IN,,1,0.0,6.0,आप उसे शायद अगले 5 हफ्ते या 10 हफ्ते या 5 महीने या शायद 1 साल में खत्म कर दें।,True,
hi_sadhguru_karma_0009.wav,hi_sadhguru_karma,hi-IN,hi-IN,,1,0.0,11.2,"सबके लिए नहीं, निर्भर करता है आपके पास क्या है, आप क्या ढो रहे हैं। लेकिन मान लीजिए आप पहले से ही किसी चीज में हैं, तो आप देखेंगे कि जैसे ही हम आपको फास्ट फॉरवर्ड में डालेंगे, सब कुछ तेज हो जाएगा।",True,
hi_sadhguru_karma_0010.wav,hi_sadhguru_karma,hi-IN,hi-IN,,1,0.0,7.0,"क्योंकि जब तक ये छोटी-छोटी चीजें हर दिन आते रहेंगी, ये आपको आगे बढ़ने नहीं देंगी, ये आपको आगे देखने नहीं देंगी।",True,
hi_sadhguru_karma_0011.wav,hi_sadhguru_karma,hi-IN,hi-IN,,1,0.0,8.6,"दैट इज अ थिंग दैट हैपन्स। तो ये एक चीज होती है। तो अगर उसे होना भी है, यानी अगर किसी को इस तीव्रता से गुजरना है, तो उसे एक सहायक माहौल चाहिए।",True,
hi_sadhguru_karma_0012.wav,hi_sadhguru_karma,hi-IN,hi-IN,,1,0.0,4.0,सहायक माहौल के बिना अगर ये कहीं और होता है तो वो पूरी तरह से,True,
hi_sadhguru_karma_0013.wav,hi_sadhguru_karma,hi-IN,hi-IN,,1,0.0,5.9,"आप बिना किसी दुख के 363 दिन बचा रहे हैं, लेकिन एक दिन आप ज़बरदस्त दुख से गुज़रते हैं।",True,
hi_sadhguru_karma_0014.wav,hi_sadhguru_karma,hi-IN,hi-IN,,1,0.0,5.4,"यह सिर्फ एक छाप है, यह हकीकत नहीं है, लेकिन आपके भीतर यह हकीकत की तरह चल रही है।",True,
hi_sadhguru_karma_0015.wav,hi_sadhguru_karma,hi-IN,hi-IN,,1,0.0,5.7,"तो जब आप प्रारब्ध को खत्म कर लेते हैं, तो वो आपको एक बिल्कुल अलग आयाम में जीवन को देखने का एक अलग आय देता है।",True,
hi_sadhguru_karma_0016.wav,hi_sadhguru_karma,hi-IN,hi-IN,,1,0.0,6.1,"आप इसे छोड़ सकते हैं। आपको वो सब काटने की ज़रूरत नहीं है। अगर आप अपने संचित कर्म को काटने जाते हैं,",True,
hi_sadhguru_karma_0017.wav,hi_sadhguru_karma,hi-IN,hi-IN,,1,0.0,4.7,केवल प्रारब्ध कर्म को ही आप काटने की कोशिश कर रहे हैं क्योंकि ये पहले ही आबंटित है।,True,
hi_sadhguru_karma_0020.wav,hi_sadhguru_karma,hi-IN,hi-IN,,1,0.0,4.0,"मैंने 25 साल से ज़्यादा काम किया है, फिर भी मेरी जेब में $1 नहीं है।",True,
hi_sadhguru_karma_0021.wav,hi_sadhguru_karma,hi-IN,hi-IN,,1,0.0,4.6,"पता है, भारतीय परंपरा ने आध्यात्मिक साधकों का हमेशा ख्याल रखा है।",True,
hi_sadhguru_karma_0022.wav,hi_sadhguru_karma,hi-IN,hi-IN,,1,0.0,6.0,"लेकिन पारंपरिक रूप से अगर आप कहते हैं, मैं आध्यात्मिक साधक हूं, मैं आत्मज्ञान की खोज कर रहा हूं।",True,
hi_sadhguru_karma_0023.wav,hi_sadhguru_karma,hi-IN,hi-IN,,1,0.0,5.6,"लोग आपके भोजन का ख्याल रखेंगे। आप जहां भी जाएंगे, लोग आपको खिलाएंगे। आज भी ये मौजूद है।",True,
hi_sadhguru_karma_0024.wav,hi_sadhguru_karma,hi-IN,hi-IN,,1,0.0,4.8,"लेकिन ऐसी व्यवस्था नहीं है, तो हमें अपना भोजन कमाने की कुछ तरकीबें सीखनी होंगी।",True,
hi_sadhguru_karma_0026.wav,hi_sadhguru_karma,hi-IN,hi-IN,,1,0.0,4.6,"वह आपको सूली पर चढ़ा सकते हैं। उन्होंने ऐसा किया, है ना? कई बार उन्होंने ऐसा किया है।",True,
hi_sadhguru_karma_0027.wav,hi_sadhguru_karma,hi-IN,hi-IN,,1,0.0,6.6,"आपको किसी लाभ की परवाह नहीं है, आपको यह भी परवाह नहीं कि कल सुबह आप मर सकते हैं, लेकिन आप विकास करना चाहते हैं।",True,
hi_sadhguru_karma_0028.wav,hi_sadhguru_karma,hi-IN,hi-IN,,1,0.0,5.2,फिर वो अलग हैं। हम उन्हें अलग तरीके से संभालते हैं। उन्हें कुछ भी सीखने की ज़रूरत नहीं है।,True,
hi_sadhguru_karma_0029.wav,hi_sadhguru_karma,hi-IN,hi-IN,,1,0.0,7.1,अगर हम सबको खाना खाना है तो आश्रम में कुछ होना चाहिए और हमने बहुत सी सामाजिक परियोजनाएं और दूसरी चीजें ले रखी हैं तो।,True,
hi_sadhguru_karma_0030.wav,hi_sadhguru_karma,hi-IN,hi-IN,,1,0.0,4.1,"हम उन्हें कुछ सिखाते भी नहीं हैं। ठीक है, आप वैसे भी स्वास्थ्य के लिए आश्रम में हैं।",True,
hi_sadhguru_karma_0031.wav,hi_sadhguru_karma,hi-IN,hi-IN,,1,0.0,5.1,"जो लोग विकास करना चाहते हैं, उन्हें कुछ करने की ज़रूरत नहीं है। उन्हें बस इधर-उधर घूमना है।",True,
hi_sadhguru_karma_0032.wav,hi_sadhguru_karma,hi-IN,hi-IN,,1,0.0,5.3,"पूरे भरोसे और ग्रहणशीलता के साथ, अगर वो बस इधर-उधर घूमे तो हम उनके लिए काम करेंगे।",True,
hi_sadhguru_karma_0033.wav,hi_sadhguru_karma,hi-IN,hi-IN,,1,0.0,10.8,"लेकिन जो लोग समाज में चीजें करना चाहते हैं, वो इसे मैनेज करना चाहते हैं, उसे मैनेज करना चाहते हैं, लाभ पाना चाहते हैं, तब उन्हें सीखना होगा, सीखने की कोशिश करनी होगी, दूसरा कोई तरीका नहीं है।",True,
hi_sadhguru_karma_0037.wav,hi_sadhguru_karma,hi-IN,hi-IN,,1,0.0,4.3,मुझे लगता है मैंने आध्यात्मिक प्रक्रियाओं के पूरे मापदंडों को बदल दिया है।,True,
hi_sadhguru_karma_0038.wav,hi_sadhguru_karma,hi-IN,hi-IN,,1,0.0,4.5,मान लीजिए राम कृष्ण या रामण जिनका समय ज्यादा करीब है।,True,
hi_sadhguru_karma_0039.wav,hi_sadhguru_karma,hi-IN,hi-IN,,1,0.0,5.5,"वह प्रसिद्ध हो गए लेकिन कभी अपना आश्रम नहीं छोड़ा, हमेशा वहीं रहे, कभी कोई यात्रा नहीं की।",True,
hi_sadhguru_karma_0040.wav,hi_sadhguru_karma,hi-IN,hi-IN,,1,0.0,8.8,और वो व्यक्ति इतना प्रेरित हुआ कि उसने रमन के बारे में कई किताबें लिख डाली। दुनिया की हर भाषा में उसने किताबें लिखी और उन्हें हर जगह डाल दिया।,True,
hi_sadhguru_karma_0041.wav,hi_sadhguru_karma,hi-IN,hi-IN,,1,0.0,6.5,फर्श पर लोट रहे होते थे। हमने वो बंद कर दिया क्योंकि लोग डर जाते थे और भागने लगते थे और वो सब चीजें होती थीं।,True,
hi_sadhguru_karma_0042.wav,hi_sadhguru_karma,hi-IN,hi-IN,,1,0.0,4.6,"लोग जिस तरह का ऊर्जा संपर्क महसूस करते हैं, वो बहुत ज़बरदस्त होता है।",True,
hi_sadhguru_karma_0043.wav,hi_sadhguru_karma,hi-IN,hi-IN,,1,0.0,12.3,"आप वैसा जहां तक मुझे पता है, आप किसी भी संगठित समूहों में ऐसा नहीं देखेंगे। दूसरे लोग हैं जो ये चीजें करेंगे, लेकिन वो कभी भी संगठित बड़े ग्रुप नहीं होंगे। वो हमेशा कम लोगों को संभालते हैं।",True,
hi_sadhguru_karma_0044.wav,hi_sadhguru_karma,hi-IN,hi-IN,,1,0.0,4.0,"बड़ी संख्या में लोग, इस तरह लोगों का एक संगठित समूह।",True,
hi_sadhguru_karma_0045.wav,hi_sadhguru_karma,hi-IN,hi-IN,,1,0.0,4.2,मुझे नहीं लगता दुनिया में ऐसी कोई दूसरी जगह है जहां,True,
hi_sadhguru_karma_0046.wav,hi_sadhguru_karma,hi-IN,hi-IN,,1,0.0,5.4,"आप अनुभव से अभिभूत हुए हैं, लेकिन आपको लग रहा है कि यह काफी नहीं है, कुछ और होना चाहिए।",True,
hi_sadhguru_karma_0048.wav,hi_sadhguru_karma,hi-IN,hi-IN,,1,0.0,4.2,आश्रम में फर्श साफ करने के लिए भी आपको 2 साल इंतजार करना होगा।,True,
hi_sadhguru_karma_0049.wav,hi_sadhguru_karma,hi-IN,hi-IN,,1,0.0,5.3,तो आपको सूत्र दिए जाएंगे जिन्हें आप पढ़ सकते हैं और जप सकते हैं।,True,
hi_sadhguru_karma_0050.wav,hi_sadhguru_karma,hi-IN,hi-IN,,1,0.0,4.3,अब एक हफ्ते में आपको दीक्षा मिल जाती है और एक वीकेंड में आप,True,
hi_sadhguru_karma_0052.wav,hi_sadhguru_karma,hi-IN,hi-IN,,1,0.0,5.1,"कुछ तरीकों से अगर आप इस पर गौर करें, तो यह आध्यात्मिक प्रक्रिया के परिचय की तरह ज़्यादा है।",True,
hi_sadhguru_karma_0053.wav,hi_sadhguru_karma,hi-IN,hi-IN,,1,0.0,8.4,"अगर कोई खुद को पूरी तरह से इसमें समर्पित कर दे, तो ये सात दिन अपने आप में आत्मज्ञान का मार्ग बन सकते हैं। इसमें वो सामग्री मौजूद है।",True,
hi_sadhguru_karma_0054.wav,hi_sadhguru_karma,hi-IN,hi-IN,,1,0.0,13.6,"यह हमेशा एक सवाल रहता है। लोग इसका इस्तेमाल बस थोड़ा और स्वस्थ, थोड़ा और शांत, थोड़ा और स्थिर, थोड़ा और कुछ और, थोड़ा और कुछ बनने के लिए करते हैं। वो कार्यक्रम से बस थोड़ा और लाभ लेना चाहते हैं। वो अपनी परम प्रकृति तक...",True,
hi_sadhguru_karma_0055.wav,hi_sadhguru_karma,hi-IN,hi-IN,,1,0.0,6.9,"क्योंकि अलग-अलग लोगों की ज़रूरतें अलग-अलग होती हैं, तो सिर्फ एक सीमा तक ही हम हर किसी के साथ एक जैसी चीज़ कर सकते हैं।",True,
hi_sadhguru_karma_0056.wav,hi_sadhguru_karma,hi-IN,hi-IN,,1,0.0,4.5,"आप एक व्यक्ति के साथ जो करते हैं, दूसरे के साथ वो नहीं कर सकते क्योंकि ये बहुत अलग है।",True,
hi_sadhguru_karma_0057.wav,hi_sadhguru_karma,hi-IN,hi-IN,,1,0.0,5.8,तो फिर कट्टर आध्यात्मिकता क्या है? कट्टर आध्यात्मिकता ऐसी जगह है जहां कोई शिक्षा नहीं होती।,True,
hi_sadhguru_karma_0058.wav,hi_sadhguru_karma,hi-IN,hi-IN,,1,0.0,7.6,"कोई आपको नहीं बताता कैसे होना है, कैसे नहीं होना है, ये सब। ये मूल रूप से अपने अंदर के जीवन को संभालना है, अपने मन को नहीं।",True,
hi_sadhguru_karma_0059.wav,hi_sadhguru_karma,hi-IN,hi-IN,,1,0.0,6.7,"अपनी भावना को नहीं, अपने शरीर को नहीं, बस जीवन ऊर्जाओं को संभालना और उन्हें एक खास दिशा में ले जाना है।",True,
hi_sadhguru_karma_0060.wav,hi_sadhguru_karma,hi-IN,hi-IN,,1,0.0,4.5,आवाज़ें निकाल रहे हैं और आप उन्हें छोड़ दें तो वो छत से उड़ जाएंगे।,True,
hi_sadhguru_karma_0061.wav,hi_sadhguru_karma,hi-IN,hi-IN,,1,0.0,4.0,"इस जीवन काल में अगर आपको सच में अपनी सीमाओं तक पहुंचना है,",True,
hi_sadhguru_karma_0062.wav,hi_sadhguru_karma,hi-IN,hi-IN,,1,0.0,15.7,"पूरी तरह से, कुछ भी मायने नहीं रखता। आप उन सभी पागल लोगों के बारे में जानते हैं? रामकृष्ण परमहंस, मीराबाई, ये सभी बिल्कुल पागल लोग हैं। मैं चाहता हूं कि आप ये जानें। आज आप उनकी पूजा करते हैं, ये आसान है। जो लोग उनके साथ रहते थे, उन्होंने बहुत भयानक समय बिताया क्योंकि...",True,
hi_sadhguru_karma_0063.wav,hi_sadhguru_karma,hi-IN,hi-IN,,1,0.0,4.2,वो बिल्कुल पागल लोग थे। उन्हें आसपास की दुनिया का कोई होश नहीं था।,True,
hi_sadhguru_karma_0064.wav,hi_sadhguru_karma,hi-IN,hi-IN,,1,0.0,4.2,"आप बहुत नियंत्रित भक्त हैं, तो आप भक्त नहीं हैं। आप बहुत बड़ा धोखा हैं।",True,
hi_sadhguru_karma_0065.wav,hi_sadhguru_karma,hi-IN,hi-IN,,1,0.0,4.1,"अगर कोई मीराबाई या रामकृष्ण परमहंस अमेरिका में दिखाई देते हैं,",True,
hi_sadhguru_karma_0066.wav,hi_sadhguru_karma,hi-IN,hi-IN,,1,0.0,4.6,"हर तरह की दवाएं दी जाएंगी, नियंत्रित किया जाएगा और बर्बाद कर दिया जाएगा।",True,
hi_sadhguru_karma_0067.wav,hi_sadhguru_karma,hi-IN,hi-IN,,1,0.0,5.2,तो आपको बहुत साधना करनी होगी अपनी बुद्धि पेनी करने के लिए। अपनी बुद्धि को ऐसे,True,
hi_sadhguru_karma_0068.wav,hi_sadhguru_karma,hi-IN,hi-IN,,1,0.0,4.6,तो हमें बहुत सारी साधना करनी होगी। इसके लिए भी हमें एक खास स्थान चाहिए।,True,
hi_sadhguru_karma_0069.wav,hi_sadhguru_karma,hi-IN,hi-IN,,1,0.0,5.2,"अगर हम लोगों की ऊर्जा को उच्चतम स्तर तक ले जाना चाहते हैं और उन्हें पार कराना चाहते हैं,",True,
hi_sadhguru_karma_0070.wav,hi_sadhguru_karma,hi-IN,hi-IN,,1,0.0,6.0,दुनिया ऐसी चीजों को स्वीकार करने के लिए पर्याप्त परिपक्व नहीं है। अमेरिका में तो यह बहुत बुरा होने वाला है।,True,
hi_sadhguru_karma_0071.wav,hi_sadhguru_karma,hi-IN,hi-IN,,1,0.0,4.1,आज भी भारत में अगर राम कृष्ण आते हैं तो उन्हें बड़ी समस्याएं होंगी।,True,
hi_sadhguru_karma_0073.wav,hi_sadhguru_karma,hi-IN,hi-IN,,1,0.0,5.9,"हर चीज़ जो अभी आप हैं, उसे खतरा महसूस होगा अगर आप बस मेरे साथ बैठें और मैं ना मुस्कुराऊं।",True,
hi_sadhguru_karma_0074.wav,hi_sadhguru_karma,hi-IN,hi-IN,,1,0.0,5.3,"हर चीज़ जो आप हैं, अगर गुरु उसे लगातार खतरे में नहीं डालता, तो आपको उसकी क्या ज़रूरत है?",True,
hi_sadhguru_karma_0075.wav,hi_sadhguru_karma,hi-IN,hi-IN,,1,0.0,4.3,गुरु उन चीजों को ध्वस्त करने के लिए होता है जिन्हें आप खुद कभी ध्वस्त नहीं कर सकते।,True,
hi_sadhguru_karma_0076.wav,hi_sadhguru_karma,hi-IN,hi-IN,,1,0.0,4.9,"तो अगर परे की कोई चीज आपके साथ होनी है और आप इस जीवन में कुछ हासिल करना चाहते हैं,",True,
hi_sadhguru_karma_0077.wav,hi_sadhguru_karma,hi-IN,hi-IN,,1,0.0,5.6,"आपके जीवन को पलटने का मतलब यह नहीं है कि आपका घर, नौकरी, सेहत या ऐसी चीजों को उजाड़ देना।",True,
hi_sadhguru_karma_0079.wav,hi_sadhguru_karma,hi-IN,hi-IN,,1,0.0,8.6,"कि आप फिर से पुराने तरीकों की ओर भागेंगे जब तक कि कोई आपका मार्गदर्शन ना कर रहा हो, उन चीजों को धीमा ना कर रहा हो, उन्हें नियंत्रित ना कर रहा हो।",True,
hi_sadhguru_karma_0080.wav,hi_sadhguru_karma,hi-IN,hi-IN,,1,0.0,15.2,"आपको लगेगा मौत होने वाली है।
कोई भी नई चीज यानी आपके मन को खतरा महसूस होगा और यह सोचेगा आप मरने वाले हैं।
तो जब आपकी ऊर्जा प्रणाली में बड़े बदलाव होते हैं, तो आप स्वाभाविक रूप से सोचते हैं कि आप मरने वाले हैं।
जब तक कि कोई ऐसा व्यक्ति ना हो।",True,
hi_sadhguru_karma_0081.wav,hi_sadhguru_karma,hi-IN,hi-IN,,1,0.0,5.3,जो इन चीजों को धीमा करे और इन्हें ऐसे तरीके से होने दे जो आपके लिए उपयुक्त हो।,True,
hi_sadhguru_karma_0082.wav,hi_sadhguru_karma,hi-IN,hi-IN,,1,0.0,6.5,तब तक आप प्रगति नहीं करेंगे। आप एक पैर आगे रखेंगे और अगर कुछ हुआ तो आप 10 कदम पीछे हट जाएंगे।,True,
hi_sadhguru_karma_0084.wav,hi_sadhguru_karma,hi-IN,hi-IN,,1,0.0,4.0,उनमें से कुछ दिन रात पागलों की तरह चिल्ला रहे थे। उनमें से कुछ,True,
hi_sadhguru_karma_0085.wav,hi_sadhguru_karma,hi-IN,hi-IN,,1,0.0,5.4,"हर तरह की हालत में थे, कुछ तो पूरी तरह से मदहोश थे, वो कई दिनों तक खड़े नहीं हो पा रहे थे।",True,
hi_sadhguru_karma_0086.wav,hi_sadhguru_karma,hi-IN,hi-IN,,1,0.0,5.2,लेकिन आप बस बाहर खड़े हो। मैं बिल्डिंग की बात नहीं कर रहा हूं। मैं ज़मीन के इस टुकड़े की बात कर रहा हूं।,True,
hi_sadhguru_karma_0087.wav,hi_sadhguru_karma,hi-IN,hi-IN,,1,0.0,5.6,"उस स्थान को महसूस करें या बाहर जंगल में बैठें, जंगल बहुत सुंदर है, वहां बैठकर ध्यान करें।",True,
hi_sadhguru_karma_0088.wav,hi_sadhguru_karma,hi-IN,hi-IN,,1,0.0,6.4,"अपने जीवन को फ़ास्ट फॉरवर्ड पर रखना, आध्यात्मिकता का मूल रूप से मतलब है अपने जीवन को फ़ास्ट फॉरवर्ड पर रखना।",True,
hi_sadhguru_karma_0089.wav,hi_sadhguru_karma,hi-IN,hi-IN,,1,0.0,7.6,"जब आप उस किस्म का संगीत बजा रहे हो, तो कोई ऐसा होना चाहिए जो बता सके कि क्या हो रहा है, वरना लोग भाग जाएंगे।",True,
hi_sadhguru_karma_0090.wav,hi_sadhguru_karma,hi-IN,hi-IN,,1,0.0,4.7,"अगर सरल शब्दों में कहें तो हां, आपके जीवन को असली फ़ास्ट फॉरवर्ड पर रखना।",True,
hi_sadhguru_karma_0091.wav,hi_sadhguru_karma,hi-IN,hi-IN,,1,0.0,5.5,इसमें बहुत समय लगेगा। मेरे पास उतना धैर्य नहीं है। मैं यहां उतने लंबे समय तक नहीं रहने वाला हूं।,True,
hi_sadhguru_brieflife_0001.wav,hi_sadhguru_brieflife,hi-IN,hi-IN,,1,0.0,5.1,"आप अभी विचारों, भावनाओं, धारणाओं, राय और पूर्वाग्रहों का एक पुलिंदा हैं।",True,
hi_sadhguru_brieflife_0002.wav,hi_sadhguru_brieflife,hi-IN,hi-IN,,1,0.0,5.7,"एक आदमी की तरह नहीं, औरत की तरह नहीं, इसकी या उसकी तरह नहीं, विचार या भावना के रूप में नहीं।",True,
hi_sadhguru_brieflife_0003.wav,hi_sadhguru_brieflife,hi-IN,hi-IN,,1,0.0,6.0,"अभी इनमें से कुछ भी सच नहीं है, लेकिन मान लीजिए ऐसा है। अगर मुझे आपको चोट पहुंचानी हो,",True,
hi_sadhguru_brieflife_0004.wav,hi_sadhguru_brieflife,hi-IN,hi-IN,,1,0.0,5.7,"लेकिन हर छोटी चीज जो आप हासिल करते हैं, वो किसी ना किसी तरह से आपका जीवन ले रही है, है ना?",True,
hi_sadhguru_brieflife_0005.wav,hi_sadhguru_brieflife,hi-IN,hi-IN,,1,0.0,8.5,"देखिए, हमने यह उपकरण हासिल किए क्योंकि हमने सोचा कि यह हमारे जीवन को बेहतर बनाएंगे। अभी यह एक परेशानी बन गया है, हम इससे दूर नहीं रह सकते।",True,
hi_sadhguru_brieflife_0006.wav,hi_sadhguru_brieflife,hi-IN,hi-IN,,1,0.0,17.5,कि इस जीवन की पूरी गहराई और आयाम क्या है। इसे जाने बिना किसी को भी नहीं जाना है क्योंकि दूसरी चीजों में कई अन्य सच्चाइयां भी होती हैं। हम नहीं जानते आप 100 मीटर 8 सेकंड में दौड़ पाएंगे या नहीं। आपको क्या लगता है? आप नहीं कर सकते। हम नहीं जानते कि आप माउंट एवरेस्ट पर चढ़ पाएंगे या नहीं।,True,
hi_sadhguru_brieflife_0007.wav,hi_sadhguru_brieflife,hi-IN,hi-IN,,1,0.0,4.4,"आपके पास वो नहीं है क्योंकि अगर आप 10000 साल तक यहीं रहते,",True,
hi_sadhguru_brieflife_0009.wav,hi_sadhguru_brieflife,hi-IN,hi-IN,,1,0.0,7.1,"आनंदित लोग भले ही 100 साल जिएं, यह बहुत छोटा लगता है। इससे पहले कि आप जान पाएं कि क्या हो रहा है, जीवन खत्म।",True,
hi_sadhguru_brieflife_0010.wav,hi_sadhguru_brieflife,hi-IN,hi-IN,,1,0.0,5.5,आपको यह समझना चाहिए कि आपका जीवन बस समय और ऊर्जा का एक खास मेल है।,True,
hi_sadhguru_brieflife_0011.wav,hi_sadhguru_brieflife,hi-IN,hi-IN,,1,0.0,5.0,कि आप जाग रहे हैं या सो रहे हैं या ठीक हैं या ठीक नहीं हैं या खुश हैं या दुखी हैं।,True,
hi_sadhguru_brieflife_0012.wav,hi_sadhguru_brieflife,hi-IN,hi-IN,,1,0.0,10.5,"आप बस अपनी ऊर्जा को मैनेज कर सकते हैं, अपनी गतिविधि को मैनेज कर सकते हैं। आप समय के उपयोग के तरीके को मैनेज कर सकते हैं, पर समय को मैनेज नहीं कर सकते, यह बीता जा रहा है।",True,
hi_sadhguru_brieflife_0014.wav,hi_sadhguru_brieflife,hi-IN,hi-IN,,1,0.0,7.5,"तो निश्चित रूप से आप अपनी ऊर्जा का इस तरह से निवेश करेंगे कि यह इस जीवन के लिए सबसे ज्यादा सार्थक हो, है ना?",True,
hi_sadhguru_brieflife_0015.wav,hi_sadhguru_brieflife,hi-IN,hi-IN,,1,0.0,4.8,"हां, आप शाश्वत हैं, है ना? जीवन में हर दिन आप जागरूक नहीं हैं।",True,
hi_sadhguru_brieflife_0016.wav,hi_sadhguru_brieflife,hi-IN,hi-IN,,1,0.0,7.5,"जीवन की मूलभूत सच्चाई के साथ पर तालमेल में होने के लिए कि ये संभव है कि हमारा जीवन आज खत्म हो सकता है, है ना?",True,
hi_sadhguru_brieflife_0017.wav,hi_sadhguru_brieflife,hi-IN,hi-IN,,1,0.0,4.8,"हमारा इरादा नहीं है, हम वैसा चाह नहीं रहे हैं, लेकिन यह संभव है, है ना?",True,
hi_sadhguru_brieflife_0018.wav,hi_sadhguru_brieflife,hi-IN,hi-IN,,1,0.0,5.8,"अगर आप इससे चूक जाते हैं, तो आप अपने पूरे जीवन से चूक जाएंगे। अगर आप यह नहीं समझते,",True,
hi_sadhguru_brieflife_0019.wav,hi_sadhguru_brieflife,hi-IN,hi-IN,,1,0.0,5.5,"और एक दवाई की तरह, यह पहले से तय भी नहीं है कि आपके पास जीने के लिए अभी 2 साल हैं।",True,
hi_sadhguru_brieflife_0020.wav,hi_sadhguru_brieflife,hi-IN,hi-IN,,1,0.0,7.8,"इसलिए लाल पेंट से नाले बा लिखा जाता है। शैतान आपके घर आता है और कहता है, ठीक है, इस घर की बारी कल है और चला जाता है।",True,
hi_sadhguru_brieflife_0021.wav,hi_sadhguru_brieflife,hi-IN,hi-IN,,1,0.0,4.6,अधिकांश लोगों ने ऐसा शैतान के साथ नहीं बल्कि भगवान के साथ किया है।,True,
hi_sadhguru_brieflife_0022.wav,hi_sadhguru_brieflife,hi-IN,hi-IN,,1,0.0,5.0,"अगर आपने ऐसा शैतान के साथ किया होता तो ठीक है, लेकिन आपने ऐसा दिव्य के साथ किया है।",True,
